Month, intern pass,year,melanoma,month,SP500,date,IBM stock,time,Internet traf,year,IP US,month,Mauna loa,year,swrdish fert,month,deaths,seatbelt law,month,milk prod,year,sunspot,Quarter,Quar Austr n
1949-01,112,1936,0.9,1926-01,0.0225,1961-05-17,460,2005-06-07 07:00:00,56718587433,1860,0.9,1965-01,319.32,1750,329,1969-01,1687,0,1962-01,589,1836,40,1959 Q4,2537
1949-02,118,1937,0.8,1926-02,-0.044,1961-05-18,457,2005-06-07 08:00:00,76456162968,1861,0.9,1965-02,320.36,1751,349,1969-02,1508,0,1962-02,561,1837,115,1960 Q1,3379
1949-03,132,1938,0.8,1926-03,-0.0591,1961-05-19,452,2005-06-07 09:00:00,82534038485,1862,0.9,1965-03,320.82,1752,323,1969-03,1507,0,1962-03,640,1838,100,1960 Q2,2999
1949-04,129,1939,1.3,1926-04,0.0227,1961-05-22,459,2005-06-07 10:00:00,88796995092,1863,1.0,1965-04,322.06,1753,324,1969-04,1385,0,1962-04,656,1839,80,1960 Q3,2809
1949-05,121,1940,1.4,1926-05,0.0077,1961-05-23,462,2005-06-07 11:00:00,90247922345,1864,1.0,1965-05,322.17,1754,333,1969-05,1632,0,1962-05,727,1840,60,1960 Q4,2516
1949-06,135,1941,1.2,1926-06,0.0432,1961-05-24,459,2005-06-07 12:00:00,90146117117,1865,1.0,1965-06,321.95,1755,335,1969-06,1511,0,1962-06,697,1841,40,1961 Q1,2799
1949-07,148,1942,1.7,1926-07,0.0455,1961-05-25,463,2005-06-07 13:00:00,90457410673,1866,1.2,1965-07,321.2,1756,321,1969-07,1559,0,1962-07,640,1842,23,1961 Q2,3230
1949-08,148,1943,1.8,1926-08,0.0171,1961-05-26,479,2005-06-07 14:00:00,89967660859,1867,1.3,1965-08,318.81,1757,290,1969-08,1630,0,1962-08,599,1843,10,1961 Q3,3759
1949-09,136,1944,1.6,1926-09,0.0229,1961-05-29,493,2005-06-07 15:00:00,87211742250,1868,1.3,1965-09,317.82,1758,295,1969-09,1579,0,1962-09,568,1844,10,1961 Q4,3122
1949-10,119,1945,1.5,1926-10,-0.0313,1961-05-31,490,2005-06-07 16:00:00,73610634839,1869,1.4,1965-10,317.37,1759,297,1969-10,1653,0,1962-10,577,1845,25,1962 Q1,3641
1949-11,104,1946,1.5,1926-11,0.0223,1961-06-01,492,2005-06-07 17:00:00,56695326238,1870,1.5,1965-11,318.93,1760,316,1969-11,2152,0,1962-11,553,1846,75,1962 Q2,3584
1949-12,118,1947,2.0,1926-12,0.0166,1961-06-02,498,2005-06-07 18:00:00,48110601866,1871,1.5,1965-12,319.09,1761,309,1969-12,2148,0,1962-12,582,1847,145,1962 Q3,3610
1950-01,115,1948,2.5,1927-01,-0.0208,1961-06-05,499,2005-06-07 19:00:00,44406878766,1872,1.8,1966-01,319.94,1762,310,1970-01,1752,0,1963-01,600,1848,130,1962 Q4,3035
1950-02,126,1949,2.7,1927-02,0.0477,1961-06-06,497,2005-06-07 20:00:00,43050199070,1873,1.8,1966-02,320.98,1763,308,1970-02,1765,0,1963-02,566,1849,130,1963 Q1,3620
1950-03,141,1950,2.9,1927-03,0.0065,1961-06-07,496,2005-06-07 21:00:00,36961508495,1874,1.7,1966-03,321.81,1764,306,1970-03,1717,0,1963-03,653,1850,80,1963 Q2,3518
1950-04,135,1951,2.5,1927-04,0.0172,1961-06-08,490,2005-06-07 22:00:00,31555022712,1875,1.7,1966-04,323.03,1765,294,1970-04,1558,0,1963-04,673,1851,65,1963 Q3,3487
1950-05,125,1952,3.1,1927-05,0.0522,1961-06-09,489,2005-06-07 23:00:00,27467342825,1876,1.7,1966-05,323.36,1766,298,1970-05,1575,0,1963-05,742,1852,20,1963 Q4,3708
1950-06,149,1953,2.4,1927-06,-0.0094,1961-06-12,478,2005-06-08 00:00:00,25041832565,1877,1.8,1966-06,323.11,1767,315,1970-06,1520,0,1963-06,716,1853,10,1964 Q1,4190
1950-07,170,1954,2.2,1927-07,0.065,1961-06-13,487,2005-06-08 01:00:00,21160963384,1878,1.9,1966-07,321.65,1768,302,1970-07,1805,0,1963-07,660,1854,5,1964 Q2,3959
1950-08,170,1955,2.9,1927-08,0.0445,1961-06-14,491,2005-06-08 02:00:00,19820358830,1879,2.2,1966-08,319.64,1769,299,1970-08,1800,0,1963-08,617,1855,10,1964 Q3,4026
1950-09,158,1956,2.5,1927-09,0.0432,1961-06-15,487,2005-06-08 03:00:00,19088172849,1880,2.5,1966-09,317.86,1770,301,1970-09,1719,0,1963-09,583,1856,60,1964 Q4,3605
1950-10,133,1957,2.6,1927-10,-0.0531,1961-06-16,482,2005-06-08 04:00:00,23204098006,1881,2.8,1966-10,317.25,1771,294,1970-10,2008,0,1963-10,587,1857,190,1965 Q1,4057
1950-11,114,1958,3.2,1927-11,0.0678,1961-06-19,479,2005-06-08 05:00:00,26290215100,1882,3.0,1966-11,319.06,1772,264,1970-11,2242,0,1963-11,565,1858,180,1965 Q2,3970
1950-12,140,1959,3.8,1927-12,0.019,1961-06-20,478,2005-06-08 06:00:00,42380697686,1883,3.0,1966-12,320.26,1773,233,1970-12,2478,0,1963-12,598,1859,175,1965 Q3,4211
1951-01,145,1960,4.2,1928-01,-0.0051,1961-06-21,479,2005-06-08 07:00:00,70062696507,1884,2.9,1967-01,321.65,1774,311,1971-01,2030,0,1964-01,628,1860,120,1965 Q4,4011
1951-02,150,1961,3.9,1928-02,-0.0176,1961-06-22,477,2005-06-08 08:00:00,80545779973,1885,2.9,1967-02,321.81,1775,321,1971-02,1655,0,1964-02,618,1861,50,1966 Q1,4113
1951-03,178,1962,3.7,1928-03,0.1083,1961-06-23,479,2005-06-08 09:00:00,92844295517,1886,3.5,1967-03,322.36,1776,297,1971-03,1693,0,1964-03,688,1862,35,1966 Q2,3841
1951-04,163,1963,3.3,1928-04,0.0324,1961-06-26,475,2005-06-08 10:00:00,96880965179,1887,3.7,1967-04,323.67,1777,297,1971-04,1623,0,1964-04,705,1863,20,1966 Q3,4083
1951-05,172,1964,3.7,1928-05,0.0127,1961-06-27,479,2005-06-08 11:00:00,90932927706,1888,3.8,1967-05,324.17,1778,314,1971-05,1805,0,1964-05,770,1864,10,1966 Q4,4201
1951-06,178,1965,3.9,1928-06,-0.0405,1961-06-28,476,2005-06-08 12:00:00,91291134373,1889,4.1,1967-06,323.39,1779,333,1971-06,1746,0,1964-06,736,1865,15,1967 Q1,4232
1951-07,199,1966,4.1,1928-07,0.0125,1961-06-29,476,2005-06-08 13:00:00,91713661478,1890,4.4,1967-07,321.93,1780,326,1971-07,1795,0,1964-07,678,1866,30,1967 Q2,4492
1951-08,199,1967,3.8,1928-08,0.0741,1961-06-30,478,2005-06-08 14:00:00,90959467260,1891,4.5,1967-08,320.29,1781,306,1971-08,1926,0,1964-08,639,1867,60,1967 Q3,4905
1951-09,184,1968,4.7,1928-09,0.024,1961-07-03,479,2005-06-08 15:00:00,79385942062,1892,4.8,1967-09,318.58,1782,293,1971-09,1619,0,1964-09,604,1868,105,1967 Q4,4583
1951-10,162,1969,4.4,1928-10,0.0145,1961-07-05,477,2005-06-08 16:00:00,62489604464,1893,4.3,1967-10,318.6,1783,276,1971-10,1992,0,1964-10,611,1869,105,1968 Q1,4894
1951-11,146,1970,4.8,1928-11,0.1199,1961-07-06,476,2005-06-08 17:00:00,56243244765,1894,4.2,1967-11,319.98,1784,286,1971-11,2233,0,1964-11,594,1870,105,1968 Q2,4460
1951-12,166,1971,4.8,1928-12,0.0029,1961-07-07,475,2005-06-08 18:00:00,50040519394,1895,4.9,1967-12,321.25,1785,286,1971-12,2192,0,1964-12,634,1871,80,1968 Q3,4754
1952-01,171,1972,4.8,1929-01,0.0571,1961-07-10,475,2005-06-08 19:00:00,46874882633,1896,4.6,1968-01,321.88,1786,298,1972-01,2080,0,1965-01,658,1872,65,1968 Q4,4723
1952-02,180,,,1929-02,-0.0058,1961-07-11,473,2005-06-08 20:00:00,41135776475,1897,4.9,1968-02,322.47,1787,288,1972-02,1768,0,1965-02,622,,,1969 Q1,5447
1952-03,193,,,1929-03,-0.0023,1961-07-12,474,2005-06-08 21:00:00,33502564447,1898,5.6,1968-03,323.17,1788,312,1972-03,1835,0,1965-03,709,,,1969 Q2,4728
1952-04,181,,,1929-04,0.0161,1961-07-13,474,2005-06-08 22:00:00,28113068984,1899,6.1,1968-04,324.23,1789,295,1972-04,1569,0,1965-04,722,,,1969 Q3,5016
1952-05,183,,,1929-05,-0.0428,1961-07-14,474,2005-06-08 23:00:00,24938212968,1899,6.3,1968-05,324.88,1790,283,1972-05,1976,0,1965-05,782,,,1969 Q4,5675
1952-06,218,,,1929-06,0.1124,1961-07-17,465,2005-06-09 00:00:00,21893717932,1901,7.1,1968-06,324.75,1791,303,1972-06,1853,0,1965-06,756,,,1970 Q1,5838
1952-07,230,,,1929-07,0.0456,1961-07-18,466,2005-06-09 01:00:00,20344443618,1902,7.9,1968-07,323.47,1792,338,1972-07,1965,0,1965-07,702,,,1970 Q2,5752
1952-08,242,,,1929-08,0.098,1961-07-19,467,2005-06-09 02:00:00,19757922807,1903,8.1,1968-08,321.34,1793,319,1972-08,1689,0,1965-08,653,,,1970 Q3,5926
1952-09,209,,,1929-09,-0.0489,1961-07-20,471,2005-06-09 03:00:00,19588672617,1904,7.8,1968-09,319.56,1794,314,1972-09,1778,0,1965-09,615,,,1970 Q4,6223
1952-10,191,,,1929-10,-0.1993,1961-07-21,471,2005-06-09 04:00:00,21350728448,1905,9.2,1968-10,319.45,1795,298,1972-10,1976,0,1965-10,621,,,1971 Q1,6482
1952-11,172,,,1929-11,-0.1337,1961-07-24,467,2005-06-09 05:00:00,34965445638,1906,9.8,1968-11,320.45,1796,323,1972-11,2397,0,1965-11,602,,,1971 Q2,6032
1952-12,194,,,1929-12,0.0253,1961-07-25,473,2005-06-09 06:00:00,58397356904,1907,10.0,1968-12,321.92,1797,326,1972-12,2654,0,1965-12,635,,,1971 Q3,6725
1953-01,196,,,1930-01,0.0625,1961-07-26,481,2005-06-09 07:00:00,79198224742,1908,8.5,1969-01,323.4,1798,317,1973-01,2097,0,1966-01,677,,,1971 Q4,6773
1953-02,196,,,1930-02,0.0215,1961-07-27,488,2005-06-09 08:00:00,89726734078,1909,10.0,1969-02,324.21,1799,304,1973-02,1963,0,1966-02,635,,,1972 Q1,6916
1953-03,236,,,1930-03,0.0799,1961-07-28,490,2005-06-09 09:00:00,92701958472,1910,10.6,1969-03,325.33,1800,275,1973-03,1677,0,1966-03,736,,,1972 Q2,6859
1953-04,235,,,1930-04,-0.0095,1961-07-31,489,2005-06-09 10:00:00,89941544749,1911,10.2,1969-04,326.31,1801,290,1973-04,1941,0,1966-04,755,,,1972 Q3,6845
1953-05,229,,,1930-05,-0.0165,1961-08-01,489,2005-06-09 11:00:00,93225272251,1912,11.7,1969-05,327.01,1802,307,1973-05,2003,0,1966-05,811,,,1972 Q4,6753
1953-06,243,,,1930-06,-0.1646,1961-08-02,485,2005-06-09 12:00:00,93840519305,1913,12.5,1969-06,326.24,1803,305,1973-06,1813,0,1966-06,798,,,1973 Q1,7355
1953-07,264,,,1930-07,0.0367,1961-08-03,491,2005-06-09 13:00:00,91765453742,1914,11.7,1969-07,325.37,1804,312,1973-07,2012,0,1966-07,735,,,1973 Q2,7155
1953-08,272,,,1930-08,0.0075,1961-08-04,492,2005-06-09 14:00:00,84996841280,1915,13.6,1969-08,323.12,1805,311,1973-08,1912,0,1966-08,697,,,1973 Q3,6693
1953-09,237,,,1930-09,-0.1301,1961-08-07,494,2005-06-09 15:00:00,70779170417,1916,16.1,1969-09,321.85,1806,300,1973-09,2084,0,1966-09,661,,,1973 Q4,6693
1953-10,211,,,1930-10,-0.0888,1961-08-08,499,2005-06-09 16:00:00,53526087319,1917,16.2,1969-10,321.31,1807,304,1973-10,2080,0,1966-10,667,,,1974 Q1,6833
1953-11,180,,,1930-11,-0.0218,1961-08-09,498,2005-06-09 17:00:00,46784929778,1918,16.0,1969-11,322.31,1808,296,1973-11,2118,0,1966-11,645,,,1974 Q2,6254
1953-12,201,,,1930-12,-0.0742,1961-08-10,500,2005-06-09 18:00:00,44815865828,1919,14.1,1969-12,323.72,1809,261,1973-12,2150,0,1966-12,688,,,1974 Q3,6460
1954-01,204,,,1931-01,0.0489,1961-08-11,497,2005-06-09 19:00:00,43427241554,1920,14.8,1970-01,324.6,1810,321,1974-01,1608,0,1967-01,713,,,1974 Q4,7006
1954-02,188,,,1931-02,0.1144,1961-08-14,494,2005-06-09 20:00:00,35995811572,1921,11.4,1970-02,325.57,1811,340,1974-02,1503,0,1967-02,667,,,1975 Q1,7234
1954-03,235,,,1931-03,-0.0692,1961-08-15,495,2005-06-09 21:00:00,29517833610,1922,14.5,1970-03,326.55,1812,322,1974-03,1548,0,1967-03,762,,,1975 Q2,7069
1954-04,227,,,1931-04,-0.0959,1961-08-16,500,2005-06-09 22:00:00,25972915242,1923,17.3,1970-04,327.8,1813,284,1974-04,1382,0,1967-04,784,,,1975 Q3,7458
1954-05,234,,,1931-05,-0.1372,1961-08-17,504,2005-06-09 23:00:00,22076654385,1924,16.2,1970-05,327.8,1814,297,1974-05,1731,0,1967-05,837,,,1975 Q4,7388
1954-06,264,,,1931-06,0.139,1961-08-18,513,2005-06-10 00:00:00,18612412211,1925,17.8,1970-06,327.54,1815,332,1974-06,1798,0,1967-06,817,,,1976 Q1,7384
1954-07,302,,,1931-07,-0.0742,1961-08-21,511,2005-06-10 01:00:00,17578929475,1926,18.9,1970-07,326.28,1816,336,1974-07,1779,0,1967-07,767,,,1976 Q2,7436
1954-08,293,,,1931-08,0.0095,1961-08-22,514,2005-06-10 02:00:00,17890609373,1927,18.9,1970-08,324.63,1817,317,1974-08,1887,0,1967-08,722,,,1976 Q3,7761
1954-09,259,,,1931-09,-0.2994,1961-08-23,510,2005-06-10 03:00:00,19914942830,1928,19.6,1970-09,323.12,1818,321,1974-09,2004,0,1967-09,681,,,1976 Q4,8481
1954-10,229,,,1931-10,0.0844,1961-08-24,509,2005-06-10 04:00:00,24541346137,1929,21.8,1970-10,323.11,1819,313,1974-10,2077,0,1967-10,687,,,1977 Q1,8124
1954-11,203,,,1931-11,-0.0978,1961-08-25,515,2005-06-10 05:00:00,41746859874,1930,18.1,1970-11,323.99,1820,311,1974-11,2092,0,1967-11,660,,,1977 Q2,7631
1954-12,229,,,1931-12,-0.1453,1961-08-28,519,2005-06-10 06:00:00,68945777025,1931,15.0,1970-12,325.09,1821,334,1974-12,2051,0,1967-12,698,,,1977 Q3,7830
1955-01,242,,,1932-01,-0.0283,1961-08-29,523,2005-06-10 07:00:00,83169448382,1932,11.7,1971-01,326.12,1822,339,1975-01,1577,0,1968-01,717,,,1977 Q4,7979
1955-02,233,,,1932-02,0.0507,1961-08-30,519,2005-06-10 08:00:00,86786075089,1933,13.8,1971-02,326.61,1823,349,1975-02,1356,0,1968-02,696,,,1978 Q1,8590
1955-03,267,,,1932-03,-0.1182,1961-08-31,523,2005-06-10 09:00:00,89042055096,1934,15.1,1971-03,327.16,1824,326,1975-03,1652,0,1968-03,775,,,1978 Q2,7957
1955-04,269,,,1932-04,-0.2025,1961-09-01,531,2005-06-10 10:00:00,86097518435,1935,17.4,1971-04,327.92,1825,345,1975-04,1382,0,1968-04,796,,,1978 Q3,8289
1955-05,270,,,1932-05,-0.2333,1961-09-05,547,2005-06-10 11:00:00,88060769558,1936,20.6,1971-05,329.14,1826,331,1975-05,1519,0,1968-05,858,,,1978 Q4,8195
1955-06,315,,,1932-06,-0.0089,1961-09-06,551,2005-06-10 12:00:00,82790015630,1937,22.5,1971-06,328.8,1827,297,1975-06,1421,0,1968-06,826,,,1979 Q1,8866
1955-07,364,,,1932-07,0.377,1961-09-07,547,2005-06-10 13:00:00,77013585468,1938,17.8,1971-07,327.52,1828,318,1975-07,1442,0,1968-07,783,,,1979 Q2,8888
1955-08,347,,,1932-08,0.3754,1961-09-08,541,2005-06-10 14:00:00,69808192637,1939,21.8,1971-08,325.62,1829,331,1975-08,1543,0,1968-08,740,,,1979 Q3,9173
1955-09,312,,,1932-09,-0.0369,1961-09-11,545,2005-06-10 15:00:00,54702484989,1940,25.5,1971-09,323.61,1830,314,1975-09,1656,0,1968-09,701,,,1979 Q4,8820
1955-10,274,,,1932-10,-0.1386,1961-09-12,549,2005-06-10 16:00:00,44434741117,1941,31.8,1971-10,323.8,1831,293,1975-10,1561,0,1968-10,706,,,1980 Q1,10058
1955-11,237,,,1932-11,-0.0589,1961-09-13,545,2005-06-10 17:00:00,41097148377,1942,36.6,1971-11,325.1,1832,298,1975-11,1905,0,1968-11,677,,,1980 Q2,9468
1955-12,278,,,1932-12,0.0519,1961-09-14,549,2005-06-10 18:00:00,39589080464,1943,44.7,1971-12,326.25,1833,332,1975-12,2199,0,1968-12,711,,,1980 Q3,9258
1956-01,284,,,1933-01,0.0073,1961-09-15,547,2005-06-10 19:00:00,38201899367,1944,48.3,1972-01,326.93,1834,330,1976-01,1473,0,1969-01,734,,,1980 Q4,8611
1956-02,277,,,1933-02,-0.1844,1961-09-18,543,2005-06-10 20:00:00,32410734851,1945,41.3,1972-02,327.83,1835,322,1976-02,1655,0,1969-02,690,,,1981 Q1,9220
1956-03,317,,,1933-03,0.0336,1961-09-19,540,2005-06-10 21:00:00,28470110617,1946,35.2,1972-03,327.95,1836,315,1976-03,1407,0,1969-03,785,,,1981 Q2,8671
1956-04,313,,,1933-04,0.4222,1961-09-20,539,2005-06-10 22:00:00,24499437605,1947,39.4,1972-04,329.91,1837,307,1976-04,1395,0,1969-04,805,,,1981 Q3,9236
1956-05,318,,,1933-05,0.1587,1961-09-21,532,2005-06-10 23:00:00,21541009914,1948,41.0,1972-05,330.22,1838,296,1976-05,1530,0,1969-05,871,,,1981 Q4,8693
1956-06,374,,,1933-06,0.1317,1961-09-22,517,2005-06-11 00:00:00,19911908989,1949,38.8,1972-06,329.25,1839,299,1976-06,1309,0,1969-06,845,,,1982 Q1,8740
1956-07,413,,,1933-07,-0.088,1961-09-25,527,2005-06-11 01:00:00,19004052140,1950,44.9,1972-07,328.11,1840,322,1976-07,1526,0,1969-07,801,,,1982 Q2,9320
1956-08,405,,,1933-08,0.1146,1961-09-26,540,2005-06-11 02:00:00,18433033394,1951,48.7,1972-08,326.39,1841,312,1976-08,1327,0,1969-08,764,,,1982 Q3,9868
1956-09,355,,,1933-09,-0.1136,1961-09-27,542,2005-06-11 03:00:00,18084021621,1952,50.6,1972-09,324.97,1842,327,1976-09,1627,0,1969-09,725,,,1982 Q4,9448
1956-10,306,,,1933-10,-0.0885,1961-09-28,538,2005-06-11 04:00:00,18353670284,1953,54.8,1972-10,325.32,1843,318,1976-10,1748,0,1969-10,723,,,1983 Q1,9724
1956-11,271,,,1933-11,0.1027,1961-09-29,541,2005-06-11 05:00:00,20552677072,1954,51.8,1972-11,326.54,1844,334,1976-11,1958,0,1969-11,690,,,1983 Q2,8479
1956-12,306,,,1933-12,0.0223,1961-10-02,541,2005-06-11 06:00:00,24742386908,1955,58.4,1972-12,327.71,1845,327,1976-12,2274,0,1969-12,734,,,1983 Q3,8999
1957-01,315,,,1934-01,0.1059,1961-10-03,547,2005-06-11 07:00:00,29869136393,1956,61.0,1973-01,328.73,1846,310,1977-01,1648,0,1970-01,750,,,1983 Q4,8885
1957-02,301,,,1934-02,-0.0367,1961-10-04,553,2005-06-11 08:00:00,32991125146,1957,61.8,1973-02,329.69,1847,306,1977-02,1401,0,1970-02,707,,,1984 Q1,10141
1957-03,356,,,1934-03,-0.0009,1961-10-05,559,2005-06-11 09:00:00,35455444894,1958,57.8,1973-03,330.47,1848,315,1977-03,1411,0,1970-03,807,,,1984 Q2,9774
1957-04,348,,,1934-04,-0.027,1961-10-06,557,2005-06-11 10:00:00,34495523400,1959,64.7,1973-04,331.69,1849,341,1977-04,1403,0,1970-04,824,,,1984 Q3,10542
1957-05,355,,,1934-05,-0.0813,1961-10-10,557,2005-06-11 11:00:00,36632467202,1960,66.2,1973-05,332.65,,,1977-05,1394,0,1970-05,886,,,1984 Q4,10819
1957-06,422,,,1934-06,0.0208,1961-10-11,560,2005-06-11 12:00:00,35770881326,1961,66.6,1973-06,332.24,,,1977-06,1520,0,1970-06,859,,,1985 Q1,11199
1957-07,465,,,1934-07,-0.1152,1961-10-12,571,2005-06-11 13:00:00,36997643697,1962,72.1,1973-07,331.03,,,1977-07,1528,0,1970-07,819,,,1985 Q2,11272
1957-08,467,,,1934-08,0.0541,1961-10-13,571,2005-06-11 14:00:00,37444324377,1963,76.5,1973-08,329.36,,,1977-08,1643,0,1970-08,783,,,1985 Q3,12050
1957-09,404,,,1934-09,-0.0055,1961-10-16,569,2005-06-11 15:00:00,36945904309,1964,81.8,1973-09,327.6,,,1977-09,1515,0,1970-09,740,,,1985 Q4,11372
1957-10,347,,,1934-10,-0.0319,1961-10-17,575,2005-06-11 16:00:00,35656883587,1965,89.2,1973-10,327.29,,,1977-10,1685,0,1970-10,747,,,1986 Q1,12457
1957-11,305,,,1934-11,0.0829,1961-10-18,580,2005-06-11 17:00:00,35206119914,1966,98.0,1973-11,328.28,,,1977-11,2000,0,1970-11,711,,,1986 Q2,11684
1957-12,336,,,1934-12,-0.0042,1961-10-19,584,2005-06-11 18:00:00,35164625350,1967,100.0,1973-12,328.79,,,1977-12,2215,0,1970-12,751,,,1986 Q3,12169
1958-01,340,,,1935-01,-0.0421,1961-10-20,585,2005-06-11 19:00:00,33085234266,1968,105.8,1974-01,329.45,,,1978-01,1956,0,1971-01,804,,,1986 Q4,12284
1958-02,318,,,1935-02,-0.0396,1961-10-23,590,2005-06-11 20:00:00,28991038667,1969,110.7,1974-02,330.89,,,1978-02,1462,0,1971-02,756,,,1987 Q1,13457
1958-03,362,,,1935-03,-0.0309,1961-10-24,599,2005-06-11 21:00:00,24844352190,1970,106.7,1974-03,331.63,,,1978-03,1563,0,1971-03,860,,,1987 Q2,12820
1958-04,348,,,1935-04,0.0956,1961-10-25,603,2005-06-11 22:00:00,21479091992,,,1974-04,332.85,,,1978-04,1459,0,1971-04,878,,,1987 Q3,13794
1958-05,363,,,1935-05,0.0323,1961-10-26,599,2005-06-11 23:00:00,19603190408,,,1974-05,333.28,,,1978-05,1446,0,1971-05,942,,,1987 Q4,13606
1958-06,435,,,1935-06,0.0678,1961-10-27,596,2005-06-12 00:00:00,18765174985,,,1974-06,332.47,,,1978-06,1622,0,1971-06,913,,,1988 Q1,15114
1958-07,491,,,1935-07,0.0831,1961-10-30,585,2005-06-12 01:00:00,16295678345,,,1974-07,331.34,,,1978-07,1657,0,1971-07,869,,,1988 Q2,14769
1958-08,505,,,1935-08,0.0217,1961-10-31,587,2005-06-12 02:00:00,16022404241,,,1974-08,329.53,,,1978-08,1638,0,1971-08,834,,,1988 Q3,13514
1958-09,404,,,1935-09,0.0239,1961-11-01,585,2005-06-12 03:00:00,16154259012,,,1974-09,327.57,,,1978-09,1643,0,1971-09,790,,,1988 Q4,13916
1958-10,359,,,1935-10,0.0751,1961-11-02,581,2005-06-12 04:00:00,17434601715,,,1974-10,327.57,,,1978-10,1683,0,1971-10,800,,,1989 Q1,14931
1958-11,310,,,1935-11,0.0393,1961-11-03,583,2005-06-12 05:00:00,20183967438,,,1974-11,328.53,,,1978-11,2050,0,1971-11,763,,,1989 Q2,14089
1958-12,337,,,1935-12,0.0371,1961-11-06,592,2005-06-12 06:00:00,25017333853,,,1974-12,329.69,,,1978-12,2262,0,1971-12,800,,,1989 Q3,14877
1959-01,360,,,1936-01,0.0655,1961-11-07,592,2005-06-12 07:00:00,30089422165,,,1975-01,330.45,,,1979-01,1813,0,1972-01,826,,,1989 Q4,14745
1959-02,342,,,1936-02,0.0168,1961-11-08,596,2005-06-12 08:00:00,34186421348,,,1975-02,330.97,,,1979-02,1445,0,1972-02,799,,,1990 Q1,15274
1959-03,406,,,1936-03,0.0254,1961-11-09,596,2005-06-12 09:00:00,36615951807,,,1975-03,331.64,,,1979-03,1762,0,1972-03,890,,,1990 Q2,15450
1959-04,396,,,1936-04,-0.0771,1961-11-13,595,2005-06-12 10:00:00,38454819133,,,1975-04,332.87,,,1979-04,1461,0,1972-04,900,,,1990 Q3,15512
1959-05,420,,,1936-05,0.0458,1961-11-14,598,2005-06-12 11:00:00,38957771195,,,1975-05,333.61,,,1979-05,1556,0,1972-05,961,,,1990 Q4,16099
1959-06,472,,,1936-06,0.0306,1961-11-15,598,2005-06-12 12:00:00,40538801266,,,1975-06,333.55,,,1979-06,1431,0,1972-06,935,,,1991 Q1,16956
1959-07,548,,,1936-07,0.0681,1961-11-16,595,2005-06-12 13:00:00,40119118153,,,1975-07,331.9,,,1979-07,1427,0,1972-07,894,,,1991 Q2,17008
1959-08,559,,,1936-08,0.0088,1961-11-17,595,2005-06-12 14:00:00,41730502477,,,1975-08,330.05,,,1979-08,1554,0,1972-08,855,,,1991 Q3,17925
1959-09,463,,,1936-09,0.0013,1961-11-20,592,2005-06-12 15:00:00,42286115273,,,1975-09,328.58,,,1979-09,1645,0,1972-09,809,,,1991 Q4,18184
1959-10,407,,,1936-10,0.075,1961-11-21,588,2005-06-12 16:00:00,41372927933,,,1975-10,328.31,,,1979-10,1653,0,1972-10,810,,,1992 Q1,19138
1959-11,362,,,1936-11,0.0041,1961-11-22,582,2005-06-12 17:00:00,42151163877,,,1975-11,329.41,,,1979-11,2016,0,1972-11,766,,,1992 Q2,18076
1959-12,405,,,1936-12,-0.0058,1961-11-24,576,2005-06-12 18:00:00,42029366021,,,1975-12,330.63,,,1979-12,2207,0,1972-12,805,,,1992 Q3,18585
1960-01,417,,,1937-01,0.0378,1961-11-27,578,2005-06-12 19:00:00,33338929671,,,1976-01,331.63,,,1980-01,1665,0,1973-01,821,,,1992 Q4,18766
1960-02,391,,,1937-02,0.0146,1961-11-28,589,2005-06-12 20:00:00,27221185797,,,1976-02,332.46,,,1980-02,1361,0,1973-02,773,,,1993 Q1,20427
1960-03,419,,,1937-03,-0.0094,1961-11-29,585,2005-06-12 21:00:00,23613482427,,,1976-03,333.36,,,1980-03,1506,0,1973-03,883,,,1993 Q2,19159
1960-04,461,,,1937-04,-0.0831,1961-11-30,580,2005-06-12 22:00:00,20130386547,,,1976-04,334.45,,,1980-04,1360,0,1973-04,898,,,1993 Q3,19878
1960-05,472,,,1937-05,-0.0103,1961-12-01,579,2005-06-12 23:00:00,17068709687,,,1976-05,334.82,,,1980-05,1453,0,1973-05,957,,,1993 Q4,20475
1960-06,535,,,1937-06,-0.0529,1961-12-04,584,2005-06-13 00:00:00,16717288042,,,1976-06,334.32,,,1980-06,1522,0,1973-06,924,,,1994 Q1,21998
1960-07,622,,,1937-07,0.1026,1961-12-05,581,2005-06-13 01:00:00,17050885445,,,1976-07,333.05,,,1980-07,1460,0,1973-07,881,,,1994 Q2,21583
1960-08,606,,,1937-08,-0.0554,1961-12-06,581,2005-06-13 02:00:00,19849378963,,,1976-08,330.87,,,1980-08,1552,0,1973-08,837,,,1994 Q3,22025
1960-09,508,,,1937-09,-0.1421,1961-12-07,577,2005-06-13 03:00:00,26323638271,,,1976-09,329.24,,,1980-09,1548,0,1973-09,784,,,1994 Q4,21955
1960-10,461,,,1937-10,-0.1017,1961-12-08,577,2005-06-13 04:00:00,47692598805,,,1976-10,328.87,,,1980-10,1827,0,1973-10,791,,,1995 Q1,23180
1960-11,390,,,1937-11,-0.1011,1961-12-11,578,2005-06-13 05:00:00,75061698229,,,1976-11,330.18,,,1980-11,1737,0,1973-11,760,,,1995 Q2,22085
1960-12,432,,,1937-12,-0.0504,1961-12-12,580,2005-06-13 06:00:00,89058955033,,,1976-12,331.5,,,1980-12,1941,0,1973-12,802,,,1995 Q3,21853
,,,,1938-01,0.0133,1961-12-13,586,2005-06-13 07:00:00,93952016151,,,1977-01,332.81,,,1981-01,1474,0,1974-01,828,,,,
,,,,1938-02,0.0608,1961-12-14,583,2005-06-13 08:00:00,92248529591,,,1977-02,333.23,,,1981-02,1458,0,1974-02,778,,,,
,,,,1938-03,-0.2504,1961-12-15,581,2005-06-13 09:00:00,93884315303,,,1977-03,334.55,,,1981-03,1542,0,1974-03,889,,,,
,,,,1938-04,0.1412,1961-12-18,576,2005-06-13 10:00:00,98598194622,,,1977-04,335.82,,,1981-04,1404,0,1974-04,902,,,,
,,,,1938-05,-0.0443,1961-12-19,571,2005-06-13 11:00:00,94918072018,,,1977-05,336.44,,,1981-05,1522,0,1974-05,969,,,,
,,,,1938-06,0.247,1961-12-20,575,2005-06-13 12:00:00,90368765813,,,1977-06,335.99,,,1981-06,1385,0,1974-06,947,,,,
,,,,1938-07,0.0727,1961-12-21,575,2005-06-13 13:00:00,78076676092,,,1977-07,334.65,,,1981-07,1641,0,1974-07,908,,,,
,,,,1938-08,-0.0274,1961-12-22,573,2005-06-13 14:00:00,62318169327,,,1977-08,332.41,,,1981-08,1510,0,1974-08,867,,,,
,,,,1938-09,0.0149,1961-12-26,577,2005-06-13 15:00:00,51011542751,,,1977-09,331.32,,,1981-09,1681,0,1974-09,815,,,,
,,,,1938-10,0.076,1961-12-27,582,2005-06-13 16:00:00,47819673805,,,1977-10,330.73,,,1981-10,1938,0,1974-10,812,,,,
,,,,1938-11,-0.0334,1961-12-28,584,2005-06-13 17:00:00,45060857356,,,1977-11,332.05,,,1981-11,1868,0,1974-11,773,,,,
,,,,1938-12,0.0377,1961-12-29,579,2005-06-13 18:00:00,40896550588,,,1977-12,333.53,,,1981-12,1726,0,1974-12,813,,,,
,,,,1939-01,-0.0689,1962-01-02,572,2005-06-13 19:00:00,34544386635,,,1978-01,334.66,,,1982-01,1456,0,1975-01,834,,,,
,,,,1939-02,0.0325,1962-01-03,577,2005-06-13 20:00:00,28278552858,,,1978-02,335.07,,,1982-02,1445,0,1975-02,782,,,,
,,,,1939-03,-0.1354,1962-01-04,571,2005-06-13 21:00:00,24330862179,,,1978-03,336.33,,,1982-03,1456,0,1975-03,892,,,,
,,,,1939-04,-0.0055,1962-01-05,560,2005-06-13 22:00:00,20038401630,,,1978-04,337.39,,,1982-04,1365,0,1975-04,903,,,,
,,,,1939-05,0.0623,1962-01-08,549,2005-06-13 23:00:00,13243525260,,,1978-05,337.65,,,1982-05,1487,0,1975-05,966,,,,
,,,,1939-06,-0.0638,1962-01-09,556,2005-06-14 00:00:00,14970999483,,,1978-06,337.57,,,1982-06,1558,0,1975-06,937,,,,
,,,,1939-07,0.1087,1962-01-10,557,2005-06-14 01:00:00,15888675868,,,1978-07,336.25,,,1982-07,1488,0,1975-07,896,,,,
,,,,1939-08,-0.0714,1962-01-11,563,2005-06-14 02:00:00,18839447601,,,1978-08,334.39,,,1982-08,1684,0,1975-08,858,,,,
,,,,1939-09,0.1646,1962-01-12,564,2005-06-14 03:00:00,29402021969,,,1978-09,332.44,,,1982-09,1594,0,1975-09,817,,,,
,,,,1939-10,-0.0146,1962-01-15,567,2005-06-14 04:00:00,46682541126,,,1978-10,332.25,,,1982-10,1850,0,1975-10,827,,,,
,,,,1939-11,-0.0491,1962-01-16,561,2005-06-14 05:00:00,64840863534,,,1978-11,333.59,,,1982-11,1998,0,1975-11,797,,,,
,,,,1939-12,0.0238,1962-01-17,559,2005-06-14 06:00:00,67763783854,,,1978-12,334.76,,,1982-12,2079,0,1975-12,843,,,,
,,,,1940-01,-0.0352,1962-01-18,553,2005-06-14 07:00:00,70248139596,,,1979-01,335.89,,,1983-01,1494,0,,,,,,
,,,,1940-02,0.0066,1962-01-19,553,2005-06-14 08:00:00,70026453084,,,1979-02,336.44,,,1983-02,1057,1,,,,,,
,,,,1940-03,0.0099,1962-01-22,553,2005-06-14 09:00:00,70568256009,,,1979-03,337.63,,,1983-03,1218,1,,,,,,
,,,,1940-04,-0.0049,1962-01-23,547,2005-06-14 10:00:00,71265483811,,,1979-04,338.54,,,1983-04,1168,1,,,,,,
,,,,1940-05,-0.2395,1962-01-24,550,2005-06-14 11:00:00,71406790650,,,1979-05,339.06,,,1983-05,1236,1,,,,,,
,,,,1940-06,0.0766,1962-01-25,544,2005-06-14 12:00:00,64732717911,,,1979-06,338.95,,,1983-06,1076,1,,,,,,
,,,,1940-07,0.0311,1962-01-26,541,2005-06-14 13:00:00,55667838233,,,1979-07,337.41,,,1983-07,1174,1,,,,,,
,,,,1940-08,0.0262,1962-01-29,532,2005-06-14 14:00:00,45870254054,,,1979-08,335.71,,,1983-08,1139,1,,,,,,
,,,,1940-09,0.0095,1962-01-30,525,2005-06-14 15:00:00,40480322370,,,1979-09,333.68,,,1983-09,1427,1,,,,,,
,,,,1940-10,0.0394,1962-01-31,542,2005-06-14 16:00:00,37717989977,,,1979-10,333.69,,,1983-10,1487,1,,,,,,
,,,,1940-11,-0.0424,1962-02-01,555,2005-06-14 17:00:00,35932317820,,,1979-11,335.05,,,1983-11,1483,1,,,,,,
,,,,1940-12,-0.0028,1962-02-02,558,2005-06-14 18:00:00,31474139040,,,1979-12,336.53,,,1983-12,1513,1,,,,,,
,,,,1941-01,-0.0482,1962-02-05,551,2005-06-14 19:00:00,27522782661,,,1980-01,337.81,,,1984-01,1357,1,,,,,,
,,,,1941-02,-0.0149,1962-02-06,551,2005-06-14 20:00:00,23633185689,,,1980-02,338.16,,,1984-02,1165,1,,,,,,
,,,,1941-03,0.004,1962-02-07,552,2005-06-14 21:00:00,20701088162,,,1980-03,339.88,,,1984-03,1282,1,,,,,,
,,,,1941-04,-0.0653,1962-02-08,553,2005-06-14 22:00:00,18439339209,,,1980-04,340.57,,,1984-04,1110,1,,,,,,
,,,,1941-05,0.0043,1962-02-09,557,2005-06-14 23:00:00,16644480654,,,1980-05,341.19,,,1984-05,1297,1,,,,,,
,,,,1941-06,0.0535,1962-02-12,557,2005-06-15 00:00:00,15660734270,,,1980-06,340.87,,,1984-06,1185,1,,,,,,
,,,,1941-07,0.0548,1962-02-13,548,2005-06-15 01:00:00,19393660673,,,1980-07,339.25,,,1984-07,1222,1,,,,,,
,,,,1941-08,-0.0087,1962-02-14,547,2005-06-15 02:00:00,25667771463,,,1980-08,337.19,,,1984-08,1284,1,,,,,,
,,,,1941-09,-0.0097,1962-02-15,545,2005-06-15 03:00:00,44702009141,,,1980-09,335.49,,,1984-09,1444,1,,,,,,
,,,,1941-10,-0.0686,1962-02-16,545,2005-06-15 04:00:00,68746193884,,,1980-10,336.63,,,1984-10,1575,1,,,,,,
,,,,1941-11,-0.0421,1962-02-19,539,2005-06-15 05:00:00,81341466591,,,1980-11,337.74,,,1984-11,1737,1,,,,,,
,,,,1941-12,-0.0451,1962-02-20,539,2005-06-15 06:00:00,91415442331,,,1980-12,338.36,,,1984-12,1763,1,,,,,,
,,,,1942-01,0.0138,1962-02-21,535,2005-06-15 07:00:00,91471390750,,,,,,,,,,,,,,,
,,,,1942-02,-0.025,1962-02-23,537,2005-06-15 08:00:00,91698324032,,,,,,,,,,,,,,,
,,,,1942-03,-0.0675,1962-02-26,535,2005-06-15 09:00:00,93240694237,,,,,,,,,,,,,,,
,,,,1942-04,-0.0437,1962-02-27,536,2005-06-15 10:00:00,93560668007,,,,,,,,,,,,,,,
,,,,1942-05,0.064,1962-02-28,537,2005-06-15 11:00:00,90794943805,,,,,,,,,,,,,,,
,,,,1942-06,0.0184,1962-03-01,543,2005-06-15 12:00:00,82403486751,,,,,,,,,,,,,,,
,,,,1942-07,0.0313,1962-03-02,548,2005-06-15 13:00:00,67183506201,,,,,,,,,,,,,,,
,,,,1942-08,0.007,1962-03-05,546,2005-06-15 14:00:00,53094988311,,,,,,,,,,,,,,,
,,,,1942-09,0.0267,1962-03-06,547,2005-06-15 15:00:00,48985931367,,,,,,,,,,,,,,,
,,,,1942-10,0.0644,1962-03-07,548,2005-06-15 16:00:00,50608884438,,,,,,,,,,,,,,,
,,,,1942-11,-0.0138,1962-03-08,549,2005-06-15 17:00:00,44561928647,,,,,,,,,,,,,,,
,,,,1942-12,0.0517,1962-03-09,553,2005-06-15 18:00:00,38084115736,,,,,,,,,,,,,,,
,,,,1943-01,0.0716,1962-03-12,553,2005-06-15 19:00:00,31477406883,,,,,,,,,,,,,,,
,,,,1943-02,0.0506,1962-03-13,552,2005-06-15 20:00:00,26095179429,,,,,,,,,,,,,,,
,,,,1943-03,0.0527,1962-03-14,551,2005-06-15 21:00:00,21487257256,,,,,,,,,,,,,,,
,,,,1943-04,0.0009,1962-03-15,550,2005-06-15 22:00:00,20103155471,,,,,,,,,,,,,,,
,,,,1943-05,0.0449,1962-03-16,553,2005-06-15 23:00:00,17787623104,,,,,,,,,,,,,,,
,,,,1943-06,0.0198,1962-03-19,554,2005-06-16 00:00:00,17164686118,,,,,,,,,,,,,,,
,,,,1943-07,-0.0543,1962-03-20,551,2005-06-16 01:00:00,20300522867,,,,,,,,,,,,,,,
,,,,1943-08,0.0103,1962-03-21,551,2005-06-16 02:00:00,31898994455,,,,,,,,,,,,,,,
,,,,1943-09,0.0237,1962-03-22,545,2005-06-16 03:00:00,50531690008,,,,,,,,,,,,,,,
,,,,1943-10,-0.0132,1962-03-23,547,2005-06-16 04:00:00,73367644616,,,,,,,,,,,,,,,
,,,,1943-11,-0.0755,1962-03-26,547,2005-06-16 05:00:00,86864820992,,,,,,,,,,,,,,,
,,,,1943-12,0.059,1962-03-27,537,2005-06-16 06:00:00,92231992304,,,,,,,,,,,,,,,
,,,,1944-01,0.0154,1962-03-28,539,2005-06-16 07:00:00,88648310194,,,,,,,,,,,,,,,
,,,,1944-02,-0.0025,1962-03-29,538,2005-06-16 08:00:00,86917235682,,,,,,,,,,,,,,,
,,,,1944-03,0.0169,1962-03-30,533,2005-06-16 09:00:00,90947348624,,,,,,,,,,,,,,,
,,,,1944-04,-0.0125,1962-04-02,525,2005-06-16 10:00:00,90833758016,,,,,,,,,,,,,,,
,,,,1944-05,0.0404,1962-04-03,513,2005-06-16 11:00:00,87857104368,,,,,,,,,,,,,,,
,,,,1944-06,0.051,1962-04-04,510,2005-06-16 12:00:00,72980100869,,,,,,,,,,,,,,,
,,,,1944-07,-0.0208,1962-04-05,521,2005-06-16 13:00:00,56408108018,,,,,,,,,,,,,,,
,,,,1944-08,0.0087,1962-04-06,521,2005-06-16 14:00:00,49650093895,,,,,,,,,,,,,,,
,,,,1944-09,-0.0031,1962-04-09,521,2005-06-16 15:00:00,47768443060,,,,,,,,,,,,,,,
,,,,1944-10,0.0,1962-04-10,523,2005-06-16 16:00:00,42508317784,,,,,,,,,,,,,,,
,,,,1944-11,0.0039,1962-04-11,516,2005-06-16 17:00:00,37747595019,,,,,,,,,,,,,,,
,,,,1944-12,0.0351,1962-04-12,511,2005-06-16 18:00:00,32399746752,,,,,,,,,,,,,,,
,,,,1945-01,0.0143,1962-04-13,518,2005-06-16 19:00:00,26325025621,,,,,,,,,,,,,,,
,,,,1945-02,0.0616,1962-04-16,517,2005-06-16 20:00:00,21627312830,,,,,,,,,,,,,,,
,,,,1945-03,-0.0462,1962-04-17,520,2005-06-16 21:00:00,20091925843,,,,,,,,,,,,,,,
,,,,1945-04,0.088,1962-04-18,519,2005-06-16 22:00:00,18444816637,,,,,,,,,,,,,,,
,,,,1945-05,0.0115,1962-04-19,519,2005-06-16 23:00:00,17733633011,,,,,,,,,,,,,,,
,,,,1945-06,-0.0033,1962-04-20,519,2005-06-17 00:00:00,21068815730,,,,,,,,,,,,,,,
,,,,1945-07,-0.0201,1962-04-23,518,2005-06-17 01:00:00,23371848947,,,,,,,,,,,,,,,
,,,,1945-08,0.058,1962-04-24,513,2005-06-17 02:00:00,39228407073,,,,,,,,,,,,,,,
,,,,1945-09,0.0419,1962-04-25,499,2005-06-17 03:00:00,62040791794,,,,,,,,,,,,,,,
,,,,1945-10,0.0303,1962-04-26,485,2005-06-17 04:00:00,76036687597,,,,,,,,,,,,,,,
,,,,1945-11,0.0324,1962-04-27,454,2005-06-17 05:00:00,84460696178,,,,,,,,,,,,,,,
,,,,1945-12,0.0099,1962-04-30,462,2005-06-17 06:00:00,88148687893,,,,,,,,,,,,,,,
,,,,1946-01,0.0697,1962-05-01,473,2005-06-17 07:00:00,85959610796,,,,,,,,,,,,,,,
,,,,1946-02,-0.0695,1962-05-02,482,2005-06-17 08:00:00,87827729520,,,,,,,,,,,,,,,
,,,,1946-03,0.0463,1962-05-03,486,2005-06-17 09:00:00,86380170522,,,,,,,,,,,,,,,
,,,,1946-04,0.0376,1962-05-04,475,2005-06-17 10:00:00,80837825162,,,,,,,,,,,,,,,
,,,,1946-05,0.0224,1962-05-07,459,2005-06-17 11:00:00,68258441125,,,,,,,,,,,,,,,
,,,,1946-06,-0.0391,1962-05-08,451,2005-06-17 12:00:00,55279948612,,,,,,,,,,,,,,,
,,,,1946-07,-0.0255,1962-05-09,453,2005-06-17 13:00:00,44532024422,,,,,,,,,,,,,,,
,,,,1946-08,-0.0729,1962-05-10,446,2005-06-17 14:00:00,41674109773,,,,,,,,,,,,,,,
,,,,1946-09,-0.1015,1962-05-11,455,2005-06-17 15:00:00,39795330623,,,,,,,,,,,,,,,
,,,,1946-10,-0.008,1962-05-14,452,2005-06-17 16:00:00,37731804120,,,,,,,,,,,,,,,
,,,,1946-11,-0.0115,1962-05-15,457,2005-06-17 17:00:00,33935116257,,,,,,,,,,,,,,,
,,,,1946-12,0.0429,1962-05-16,449,2005-06-17 18:00:00,30750989823,,,,,,,,,,,,,,,
,,,,1947-01,0.0235,1962-05-17,450,2005-06-17 19:00:00,25866335811,,,,,,,,,,,,,,,
,,,,1947-02,-0.0147,1962-05-18,435,2005-06-17 20:00:00,23537275010,,,,,,,,,,,,,,,
,,,,1947-03,-0.0169,1962-05-21,415,2005-06-17 21:00:00,19892546541,,,,,,,,,,,,,,,
,,,,1947-04,-0.0389,1962-05-22,398,2005-06-17 22:00:00,17993247580,,,,,,,,,,,,,,,
,,,,1947-05,-0.0089,1962-05-23,399,2005-06-17 23:00:00,17072051951,,,,,,,,,,,,,,,
,,,,1947-06,0.0526,1962-05-24,361,2005-06-18 00:00:00,17464003864,,,,,,,,,,,,,,,
,,,,1947-07,0.0362,1962-05-25,383,2005-06-18 01:00:00,18280991947,,,,,,,,,,,,,,,
,,,,1947-08,-0.0279,1962-05-28,393,2005-06-18 02:00:00,20129960363,,,,,,,,,,,,,,,
,,,,1947-09,-0.0137,1962-05-29,385,2005-06-18 03:00:00,24297933220,,,,,,,,,,,,,,,
,,,,1947-10,0.0212,1962-05-31,360,2005-06-18 04:00:00,28988486108,,,,,,,,,,,,,,,
,,,,1947-11,-0.0285,1962-06-01,364,2005-06-18 05:00:00,32111458880,,,,,,,,,,,,,,,
,,,,1947-12,0.0207,1962-06-04,365,2005-06-18 06:00:00,33188647834,,,,,,,,,,,,,,,
,,,,1948-01,-0.0399,1962-06-05,370,2005-06-18 07:00:00,33948498595,,,,,,,,,,,,,,,
,,,,1948-02,-0.047,1962-06-06,374,2005-06-18 08:00:00,34901406545,,,,,,,,,,,,,,,
,,,,1948-03,0.0771,1962-06-07,359,2005-06-18 09:00:00,34200387221,,,,,,,,,,,,,,,
,,,,1948-04,0.0265,1962-06-08,335,2005-06-18 10:00:00,33252484732,,,,,,,,,,,,,,,
,,,,1948-05,0.0782,1962-06-11,323,2005-06-18 11:00:00,34298425351,,,,,,,,,,,,,,,
,,,,1948-06,0.003,1962-06-12,306,2005-06-18 12:00:00,32780824184,,,,,,,,,,,,,,,
,,,,1948-07,-0.0532,1962-06-13,333,2005-06-18 13:00:00,32701250725,,,,,,,,,,,,,,,
,,,,1948-08,0.0076,1962-06-14,330,2005-06-18 14:00:00,32904910111,,,,,,,,,,,,,,,
,,,,1948-09,-0.0301,1962-06-15,336,2005-06-18 15:00:00,33233555866,,,,,,,,,,,,,,,
,,,,1948-10,0.0678,1962-06-18,328,2005-06-18 16:00:00,32345769427,,,,,,,,,,,,,,,
,,,,1948-11,-0.1082,1962-06-19,316,2005-06-18 17:00:00,28613426442,,,,,,,,,,,,,,,
,,,,1948-12,0.0305,1962-06-20,320,2005-06-18 18:00:00,26075574488,,,,,,,,,,,,,,,
,,,,1949-01,0.0013,1962-06-21,332,2005-06-18 19:00:00,23501583388,,,,,,,,,,,,,,,
,,,,1949-02,-0.0394,1962-06-22,320,2005-06-18 20:00:00,20933264119,,,,,,,,,,,,,,,
,,,,1949-03,0.0301,1962-06-25,333,2005-06-18 21:00:00,18261475109,,,,,,,,,,,,,,,
,,,,1949-04,-0.0212,1962-06-26,344,2005-06-18 22:00:00,17509082781,,,,,,,,,,,,,,,
,,,,1949-05,-0.0373,1962-06-27,339,2005-06-18 23:00:00,17441156446,,,,,,,,,,,,,,,
,,,,1949-06,-0.0021,1962-06-28,350,2005-06-19 00:00:00,16939250253,,,,,,,,,,,,,,,
,,,,1949-07,0.0621,1962-06-29,351,2005-06-19 01:00:00,17636476728,,,,,,,,,,,,,,,
,,,,1949-08,0.012,1962-07-02,350,2005-06-19 02:00:00,20066593160,,,,,,,,,,,,,,,
,,,,1949-09,0.0237,1962-07-03,345,2005-06-19 03:00:00,24111654735,,,,,,,,,,,,,,,
,,,,1949-10,0.0295,1962-07-05,350,2005-06-19 04:00:00,29049545420,,,,,,,,,,,,,,,
,,,,1949-11,0.0012,1962-07-06,359,2005-06-19 05:00:00,32633749081,,,,,,,,,,,,,,,
,,,,1949-12,0.0436,1962-07-09,375,2005-06-19 06:00:00,33161406521,,,,,,,,,,,,,,,
,,,,1950-01,0.0173,1962-07-10,379,2005-06-19 07:00:00,34189107029,,,,,,,,,,,,,,,
,,,,1950-02,0.01,1962-07-11,376,2005-06-19 08:00:00,33809448266,,,,,,,,,,,,,,,
,,,,1950-03,0.0041,1962-07-12,382,2005-06-19 09:00:00,34698154299,,,,,,,,,,,,,,,
,,,,1950-04,0.0451,1962-07-13,370,2005-06-19 10:00:00,35193072263,,,,,,,,,,,,,,,
,,,,1950-05,0.0393,1962-07-16,365,2005-06-19 11:00:00,36253566359,,,,,,,,,,,,,,,
,,,,1950-06,-0.058,1962-07-17,367,2005-06-19 12:00:00,36403966133,,,,,,,,,,,,,,,
,,,,1950-07,0.0085,1962-07-18,372,2005-06-19 13:00:00,38217780559,,,,,,,,,,,,,,,
,,,,1950-08,0.0325,1962-07-19,373,2005-06-19 14:00:00,39458073129,,,,,,,,,,,,,,,
,,,,1950-09,0.0559,1962-07-20,363,2005-06-19 15:00:00,38298035420,,,,,,,,,,,,,,,
,,,,1950-10,0.0041,1962-07-23,371,2005-06-19 16:00:00,34267973834,,,,,,,,,,,,,,,
,,,,1950-11,-0.001,1962-07-24,369,2005-06-19 17:00:00,28731422198,,,,,,,,,,,,,,,
,,,,1950-12,0.0461,1962-07-25,376,2005-06-19 18:00:00,24227249317,,,,,,,,,,,,,,,
,,,,1951-01,0.0612,1962-07-26,387,2005-06-19 19:00:00,20166270825,,,,,,,,,,,,,,,
,,,,1951-02,0.0065,1962-07-27,387,2005-06-19 20:00:00,17930418286,,,,,,,,,,,,,,,
,,,,1951-03,-0.0183,1962-07-30,376,2005-06-19 21:00:00,17323729246,,,,,,,,,,,,,,,
,,,,1951-04,0.0481,1962-07-31,385,2005-06-19 22:00:00,16997353864,,,,,,,,,,,,,,,
,,,,1951-05,-0.0406,1962-08-01,385,2005-06-19 23:00:00,18769236944,,,,,,,,,,,,,,,
,,,,1951-06,-0.026,1962-08-02,380,2005-06-20 00:00:00,25628529195,,,,,,,,,,,,,,,
,,,,1951-07,0.0687,1962-08-03,373,2005-06-20 01:00:00,40272090905,,,,,,,,,,,,,,,
,,,,1951-08,0.0393,1962-08-06,382,2005-06-20 02:00:00,65385393850,,,,,,,,,,,,,,,
,,,,1951-09,-0.0009,1962-08-07,377,2005-06-20 03:00:00,81177675814,,,,,,,,,,,,,,,
,,,,1951-10,-0.0138,1962-08-08,376,2005-06-20 04:00:00,86953500358,,,,,,,,,,,,,,,
,,,,1951-11,-0.0026,1962-08-09,379,2005-06-20 05:00:00,89999003212,,,,,,,,,,,,,,,
,,,,1951-12,0.0389,1962-08-10,386,2005-06-20 06:00:00,89353133704,,,,,,,,,,,,,,,
,,,,1952-01,0.0156,1962-08-13,387,2005-06-20 07:00:00,91720130739,,,,,,,,,,,,,,,
,,,,1952-02,-0.0365,1962-08-14,386,2005-06-20 08:00:00,92693533335,,,,,,,,,,,,,,,
,,,,1952-03,0.0477,1962-08-15,389,2005-06-20 09:00:00,88028637946,,,,,,,,,,,,,,,
,,,,1952-04,-0.0431,1962-08-16,394,2005-06-20 10:00:00,77916940370,,,,,,,,,,,,,,,
,,,,1952-05,0.0232,1962-08-17,393,2005-06-20 11:00:00,62930249732,,,,,,,,,,,,,,,
,,,,1952-06,0.0461,1962-08-20,409,2005-06-20 12:00:00,48573944939,,,,,,,,,,,,,,,
,,,,1952-07,0.0176,1962-08-21,411,2005-06-20 13:00:00,43681881772,,,,,,,,,,,,,,,
,,,,1952-08,-0.0146,1962-08-22,409,2005-06-20 14:00:00,45079040820,,,,,,,,,,,,,,,
,,,,1952-09,-0.0196,1962-08-23,408,2005-06-20 15:00:00,42561941101,,,,,,,,,,,,,,,
,,,,1952-10,-0.0008,1962-08-24,393,2005-06-20 16:00:00,35301165456,,,,,,,,,,,,,,,
,,,,1952-11,0.0465,1962-08-27,391,2005-06-20 17:00:00,29048949293,,,,,,,,,,,,,,,
,,,,1952-12,0.0355,1962-08-28,388,2005-06-20 18:00:00,25852728033,,,,,,,,,,,,,,,
,,,,1953-01,-0.0072,1962-08-29,396,2005-06-20 19:00:00,20240655910,,,,,,,,,,,,,,,
,,,,1953-02,-0.0182,1962-08-30,387,2005-06-20 20:00:00,19124454023,,,,,,,,,,,,,,,
,,,,1953-03,-0.0236,1962-08-31,383,2005-06-20 21:00:00,17310410327,,,,,,,,,,,,,,,
,,,,1953-04,-0.0265,1962-09-04,388,2005-06-20 22:00:00,17763275240,,,,,,,,,,,,,,,
,,,,1953-05,-0.0032,1962-09-05,382,2005-06-20 23:00:00,19639784058,,,,,,,,,,,,,,,
,,,,1953-06,-0.0163,1962-09-06,384,2005-06-21 00:00:00,29136134575,,,,,,,,,,,,,,,
,,,,1953-07,0.0253,1962-09-07,382,2005-06-21 01:00:00,53482487731,,,,,,,,,,,,,,,
,,,,1953-08,-0.0578,1962-09-10,383,2005-06-21 02:00:00,75792574816,,,,,,,,,,,,,,,
,,,,1953-09,0.0013,1962-09-11,383,2005-06-21 03:00:00,84783523066,,,,,,,,,,,,,,,
,,,,1953-10,0.051,1962-09-12,388,2005-06-21 04:00:00,89979732872,,,,,,,,,,,,,,,
,,,,1953-11,0.009,1962-09-13,395,2005-06-21 05:00:00,90410764791,,,,,,,,,,,,,,,
,,,,1953-12,0.002,1962-09-14,392,2005-06-21 06:00:00,90647459122,,,,,,,,,,,,,,,
,,,,1954-01,0.0512,1962-09-17,386,2005-06-21 07:00:00,94351817197,,,,,,,,,,,,,,,
,,,,1954-02,0.0027,1962-09-18,383,2005-06-21 08:00:00,93440478269,,,,,,,,,,,,,,,
,,,,1954-03,0.0302,1962-09-19,377,2005-06-21 09:00:00,86441097495,,,,,,,,,,,,,,,
,,,,1954-04,0.049,1962-09-20,364,2005-06-21 10:00:00,71610751830,,,,,,,,,,,,,,,
,,,,1954-05,0.0329,1962-09-21,369,2005-06-21 11:00:00,55475825052,,,,,,,,,,,,,,,
,,,,1954-06,0.0007,1962-09-24,355,2005-06-21 12:00:00,45641548343,,,,,,,,,,,,,,,
,,,,1954-07,0.0572,1962-09-25,350,2005-06-21 13:00:00,42998363604,,,,,,,,,,,,,,,
,,,,1954-08,-0.034,1962-09-26,353,2005-06-21 14:00:00,41066697564,,,,,,,,,,,,,,,
,,,,1954-09,0.0831,1962-09-27,340,2005-06-21 15:00:00,39156302500,,,,,,,,,,,,,,,
,,,,1954-10,-0.0195,1962-09-28,350,2005-06-21 16:00:00,35711969028,,,,,,,,,,,,,,,
,,,,1954-11,0.0808,1962-10-01,349,2005-06-21 17:00:00,26518128134,,,,,,,,,,,,,,,
,,,,1954-12,0.0508,1962-10-02,358,2005-06-21 18:00:00,22129294260,,,,,,,,,,,,,,,
,,,,1955-01,0.0181,1962-10-03,360,2005-06-21 19:00:00,19814404111,,,,,,,,,,,,,,,
,,,,1955-02,0.0035,1962-10-04,360,2005-06-21 20:00:00,17621019256,,,,,,,,,,,,,,,
,,,,1955-03,-0.0049,1962-10-05,366,2005-06-21 21:00:00,16789547703,,,,,,,,,,,,,,,
,,,,1955-04,0.0377,1962-10-09,359,2005-06-21 22:00:00,17412988896,,,,,,,,,,,,,,,
,,,,1955-05,-0.0013,1962-10-10,356,2005-06-21 23:00:00,22107956308,,,,,,,,,,,,,,,
,,,,1955-06,0.0823,1962-10-11,355,2005-06-22 00:00:00,35413766557,,,,,,,,,,,,,,,
,,,,1955-07,0.0607,1962-10-12,367,2005-06-22 01:00:00,54202014860,,,,,,,,,,,,,,,
,,,,1955-08,-0.0078,1962-10-15,357,2005-06-22 02:00:00,73644478378,,,,,,,,,,,,,,,
,,,,1955-09,0.0113,1962-10-16,361,2005-06-22 03:00:00,86914692017,,,,,,,,,,,,,,,
,,,,1955-10,-0.0305,1962-10-17,355,2005-06-22 04:00:00,95130616325,,,,,,,,,,,,,,,
,,,,1955-11,0.0749,1962-10-18,348,2005-06-22 05:00:00,94752210602,,,,,,,,,,,,,,,
,,,,1955-12,-0.0007,1962-10-19,343,2005-06-22 06:00:00,96749758842,,,,,,,,,,,,,,,
,,,,1956-01,-0.0365,1962-10-22,330,2005-06-22 07:00:00,94146117788,,,,,,,,,,,,,,,
,,,,1956-02,0.0347,1962-10-23,340,2005-06-22 08:00:00,87724228491,,,,,,,,,,,,,,,
,,,,1956-03,0.0693,1962-10-24,339,2005-06-22 09:00:00,78084068779,,,,,,,,,,,,,,,
,,,,1956-04,-0.0021,1962-10-25,331,2005-06-22 10:00:00,64873233107,,,,,,,,,,,,,,,
,,,,1956-05,-0.0657,1962-10-26,345,2005-06-22 11:00:00,52512036299,,,,,,,,,,,,,,,
,,,,1956-06,0.0392,1962-10-29,352,2005-06-22 12:00:00,46710108518,,,,,,,,,,,,,,,
,,,,1956-07,0.0515,1962-10-30,346,2005-06-22 13:00:00,44723129914,,,,,,,,,,,,,,,
,,,,1956-08,-0.0381,1962-10-31,352,2005-06-22 14:00:00,43482618734,,,,,,,,,,,,,,,
,,,,1956-09,-0.0455,1962-11-01,357,2005-06-22 15:00:00,41713417601,,,,,,,,,,,,,,,
,,,,1956-10,0.0051,,,2005-06-22 16:00:00,31604482629,,,,,,,,,,,,,,,
,,,,1956-11,-0.011,,,2005-06-22 17:00:00,26801566292,,,,,,,,,,,,,,,
,,,,1956-12,0.0353,,,2005-06-22 18:00:00,21981436497,,,,,,,,,,,,,,,
,,,,1957-01,-0.0418,,,2005-06-22 19:00:00,20051463097,,,,,,,,,,,,,,,
,,,,1957-02,-0.0326,,,2005-06-22 20:00:00,18936099883,,,,,,,,,,,,,,,
,,,,1957-03,0.0196,,,2005-06-22 21:00:00,18913543746,,,,,,,,,,,,,,,
,,,,1957-04,0.037,,,2005-06-22 22:00:00,20086557461,,,,,,,,,,,,,,,
,,,,1957-05,0.0369,,,2005-06-22 23:00:00,27699202389,,,,,,,,,,,,,,,
,,,,1957-06,-0.0013,,,2005-06-23 00:00:00,45389140948,,,,,,,,,,,,,,,
,,,,1957-07,0.0114,,,2005-06-23 01:00:00,69957720593,,,,,,,,,,,,,,,
,,,,1957-08,-0.0561,,,2005-06-23 02:00:00,79888649565,,,,,,,,,,,,,,,
,,,,1957-09,-0.0619,,,2005-06-23 03:00:00,86677746703,,,,,,,,,,,,,,,
,,,,1957-10,-0.0321,,,2005-06-23 04:00:00,87027215661,,,,,,,,,,,,,,,
,,,,1957-11,0.0161,,,2005-06-23 05:00:00,84881166263,,,,,,,,,,,,,,,
,,,,1957-12,-0.0415,,,2005-06-23 06:00:00,87910755706,,,,,,,,,,,,,,,
,,,,1958-01,0.0428,,,2005-06-23 07:00:00,87255108244,,,,,,,,,,,,,,,
,,,,1958-02,-0.0206,,,2005-06-23 08:00:00,84070445882,,,,,,,,,,,,,,,
,,,,1958-03,0.0309,,,2005-06-23 09:00:00,72188104075,,,,,,,,,,,,,,,
,,,,1958-04,0.0318,,,2005-06-23 10:00:00,56562363509,,,,,,,,,,,,,,,
,,,,1958-05,0.015,,,2005-06-23 11:00:00,44581805266,,,,,,,,,,,,,,,
,,,,1958-06,0.0261,,,2005-06-23 12:00:00,43993848467,,,,,,,,,,,,,,,
,,,,1958-07,0.0431,,,2005-06-23 13:00:00,41782121431,,,,,,,,,,,,,,,
,,,,1958-08,0.0119,,,2005-06-23 14:00:00,38593471070,,,,,,,,,,,,,,,
,,,,1958-09,0.0484,,,2005-06-23 15:00:00,33344338129,,,,,,,,,,,,,,,
,,,,1958-10,0.0254,,,2005-06-23 16:00:00,29331874861,,,,,,,,,,,,,,,
,,,,1958-11,0.0224,,,2005-06-23 17:00:00,24279898678,,,,,,,,,,,,,,,
,,,,1958-12,0.052,,,2005-06-23 18:00:00,20524184580,,,,,,,,,,,,,,,
,,,,1959-01,0.0038,,,2005-06-23 19:00:00,19410638608,,,,,,,,,,,,,,,
,,,,1959-02,-0.0002,,,2005-06-23 20:00:00,19077601022,,,,,,,,,,,,,,,
,,,,1959-03,0.0005,,,2005-06-23 21:00:00,19701841930,,,,,,,,,,,,,,,
,,,,1959-04,0.0388,,,2005-06-23 22:00:00,22623183249,,,,,,,,,,,,,,,
,,,,1959-05,0.0189,,,2005-06-23 23:00:00,33552904831,,,,,,,,,,,,,,,
,,,,1959-06,-0.0036,,,2005-06-24 00:00:00,55456589484,,,,,,,,,,,,,,,
,,,,1959-07,0.0349,,,2005-06-24 01:00:00,73746260242,,,,,,,,,,,,,,,
,,,,1959-08,-0.015,,,2005-06-24 02:00:00,80605959026,,,,,,,,,,,,,,,
,,,,1959-09,-0.0456,,,2005-06-24 03:00:00,84981800996,,,,,,,,,,,,,,,
,,,,1959-10,0.0113,,,2005-06-24 04:00:00,82944445590,,,,,,,,,,,,,,,
,,,,1959-11,0.0132,,,2005-06-24 05:00:00,82451913391,,,,,,,,,,,,,,,
,,,,1959-12,0.0276,,,2005-06-24 06:00:00,82285249864,,,,,,,,,,,,,,,
,,,,1960-01,-0.0715,,,2005-06-24 07:00:00,76092595741,,,,,,,,,,,,,,,
,,,,1960-02,0.0092,,,2005-06-24 08:00:00,66585802405,,,,,,,,,,,,,,,
,,,,1960-03,-0.0139,,,2005-06-24 09:00:00,55579238848,,,,,,,,,,,,,,,
,,,,1960-04,-0.0175,,,2005-06-24 10:00:00,43930782316,,,,,,,,,,,,,,,
,,,,1960-05,0.0269,,,2005-06-24 11:00:00,40643599482,,,,,,,,,,,,,,,
,,,,1960-06,0.0195,,,2005-06-24 12:00:00,37923558744,,,,,,,,,,,,,,,
,,,,1960-07,-0.0248,,,2005-06-24 13:00:00,37171815459,,,,,,,,,,,,,,,
,,,,1960-08,0.0261,,,2005-06-24 14:00:00,32279222458,,,,,,,,,,,,,,,
,,,,1960-09,-0.0604,,,2005-06-24 15:00:00,27907221791,,,,,,,,,,,,,,,
,,,,1960-10,-0.0024,,,2005-06-24 16:00:00,24107041314,,,,,,,,,,,,,,,
,,,,1960-11,0.0403,,,2005-06-24 17:00:00,20840673538,,,,,,,,,,,,,,,
,,,,1960-12,0.0463,,,2005-06-24 18:00:00,19632573039,,,,,,,,,,,,,,,
,,,,1961-01,0.0632,,,2005-06-24 19:00:00,18085537645,,,,,,,,,,,,,,,
,,,,1961-02,0.0269,,,2005-06-24 20:00:00,17224930160,,,,,,,,,,,,,,,
,,,,1961-03,0.0255,,,2005-06-24 21:00:00,16224642386,,,,,,,,,,,,,,,
,,,,1961-04,0.0038,,,2005-06-24 22:00:00,18080887606,,,,,,,,,,,,,,,
,,,,1961-05,0.0191,,,2005-06-24 23:00:00,19115317113,,,,,,,,,,,,,,,
,,,,1961-06,-0.0288,,,2005-06-25 00:00:00,22772737360,,,,,,,,,,,,,,,
,,,,1961-07,0.0328,,,2005-06-25 01:00:00,27603867782,,,,,,,,,,,,,,,
,,,,1961-08,0.0196,,,2005-06-25 02:00:00,31260092052,,,,,,,,,,,,,,,
,,,,1961-09,-0.0197,,,2005-06-25 03:00:00,33513163038,,,,,,,,,,,,,,,
,,,,1961-10,0.0283,,,2005-06-25 04:00:00,35307910200,,,,,,,,,,,,,,,
,,,,1961-11,0.0393,,,2005-06-25 05:00:00,35306567451,,,,,,,,,,,,,,,
,,,,1961-12,0.0032,,,2005-06-25 06:00:00,34534541954,,,,,,,,,,,,,,,
,,,,1962-01,-0.0379,,,2005-06-25 07:00:00,33251462515,,,,,,,,,,,,,,,
,,,,1962-02,0.0163,,,2005-06-25 08:00:00,34320176507,,,,,,,,,,,,,,,
,,,,1962-03,-0.0059,,,2005-06-25 09:00:00,32752584439,,,,,,,,,,,,,,,
,,,,1962-04,-0.062,,,2005-06-25 10:00:00,31816562518,,,,,,,,,,,,,,,
,,,,1962-05,-0.086,,,2005-06-25 11:00:00,34328429859,,,,,,,,,,,,,,,
,,,,1962-06,-0.0818,,,2005-06-25 12:00:00,32865579762,,,,,,,,,,,,,,,
,,,,1962-07,0.0636,,,2005-06-25 13:00:00,31448682807,,,,,,,,,,,,,,,
,,,,1962-08,0.0153,,,2005-06-25 14:00:00,29371343347,,,,,,,,,,,,,,,
,,,,1962-09,-0.0482,,,2005-06-25 15:00:00,26098256769,,,,,,,,,,,,,,,
,,,,1962-10,0.0044,,,2005-06-25 16:00:00,22684355456,,,,,,,,,,,,,,,
,,,,1962-11,0.1016,,,2005-06-25 17:00:00,20643567540,,,,,,,,,,,,,,,
,,,,1962-12,0.0135,,,2005-06-25 18:00:00,19666781391,,,,,,,,,,,,,,,
,,,,1963-01,0.0491,,,2005-06-25 19:00:00,18160358306,,,,,,,,,,,,,,,
,,,,1963-02,-0.0289,,,2005-06-25 20:00:00,17508706619,,,,,,,,,,,,,,,
,,,,1963-03,0.0355,,,2005-06-25 21:00:00,17718034385,,,,,,,,,,,,,,,
,,,,1963-04,0.0485,,,2005-06-25 22:00:00,17899663966,,,,,,,,,,,,,,,
,,,,1963-05,0.0143,,,2005-06-25 23:00:00,19391359768,,,,,,,,,,,,,,,
,,,,1963-06,-0.0202,,,2005-06-26 00:00:00,23036453257,,,,,,,,,,,,,,,
,,,,1963-07,-0.0035,,,2005-06-26 01:00:00,28863073469,,,,,,,,,,,,,,,
,,,,1963-08,0.0487,,,2005-06-26 02:00:00,32040997197,,,,,,,,,,,,,,,
,,,,1963-09,-0.011,,,2005-06-26 03:00:00,34817157993,,,,,,,,,,,,,,,
,,,,1963-10,0.0322,,,2005-06-26 04:00:00,33390220982,,,,,,,,,,,,,,,
,,,,1963-11,-0.0105,,,2005-06-26 05:00:00,34061008560,,,,,,,,,,,,,,,
,,,,1963-12,0.0244,,,2005-06-26 06:00:00,36304257087,,,,,,,,,,,,,,,
,,,,1964-01,0.0269,,,2005-06-26 07:00:00,35827042490,,,,,,,,,,,,,,,
,,,,1964-02,0.0099,,,2005-06-26 08:00:00,34750059478,,,,,,,,,,,,,,,
,,,,1964-03,0.0152,,,2005-06-26 09:00:00,34076320591,,,,,,,,,,,,,,,
,,,,1964-04,0.0061,,,2005-06-26 10:00:00,35134664505,,,,,,,,,,,,,,,
,,,,1964-05,0.0115,,,2005-06-26 11:00:00,35590569103,,,,,,,,,,,,,,,
,,,,1964-06,0.0164,,,2005-06-26 12:00:00,37282051881,,,,,,,,,,,,,,,
,,,,1964-07,0.0182,,,2005-06-26 13:00:00,33453710572,,,,,,,,,,,,,,,
,,,,1964-08,-0.0162,,,2005-06-26 14:00:00,29937238932,,,,,,,,,,,,,,,
,,,,1964-09,0.0287,,,2005-06-26 15:00:00,24919876687,,,,,,,,,,,,,,,
,,,,1964-10,0.0081,,,2005-06-26 16:00:00,21130619742,,,,,,,,,,,,,,,
,,,,1964-11,-0.0052,,,2005-06-26 17:00:00,18805880633,,,,,,,,,,,,,,,
,,,,1964-12,0.0039,,,2005-06-26 18:00:00,17230086580,,,,,,,,,,,,,,,
,,,,1965-01,0.0332,,,2005-06-26 19:00:00,16513087953,,,,,,,,,,,,,,,
,,,,1965-02,-0.0015,,,2005-06-26 20:00:00,16389442102,,,,,,,,,,,,,,,
,,,,1965-03,-0.0145,,,2005-06-26 21:00:00,24202012119,,,,,,,,,,,,,,,
,,,,1965-04,0.0342,,,2005-06-26 22:00:00,36449180634,,,,,,,,,,,,,,,
,,,,1965-05,-0.0077,,,2005-06-26 23:00:00,60125675774,,,,,,,,,,,,,,,
,,,,1965-06,-0.0486,,,2005-06-27 00:00:00,79245814072,,,,,,,,,,,,,,,
,,,,1965-07,0.0134,,,2005-06-27 01:00:00,86819147689,,,,,,,,,,,,,,,
,,,,1965-08,0.0225,,,2005-06-27 02:00:00,92814438632,,,,,,,,,,,,,,,
,,,,1965-09,0.032,,,2005-06-27 03:00:00,89801318252,,,,,,,,,,,,,,,
,,,,1965-10,0.0273,,,2005-06-27 04:00:00,90664060602,,,,,,,,,,,,,,,
,,,,1965-11,-0.0088,,,2005-06-27 05:00:00,93486004831,,,,,,,,,,,,,,,
,,,,1965-12,0.009,,,2005-06-27 06:00:00,92097889201,,,,,,,,,,,,,,,
,,,,1966-01,0.0049,,,2005-06-27 07:00:00,81970562386,,,,,,,,,,,,,,,
,,,,1966-02,-0.0179,,,2005-06-27 08:00:00,66124825683,,,,,,,,,,,,,,,
,,,,1966-03,-0.0218,,,2005-06-27 09:00:00,51079672561,,,,,,,,,,,,,,,
,,,,1966-04,0.0205,,,2005-06-27 10:00:00,45976815164,,,,,,,,,,,,,,,
,,,,1966-05,-0.0541,,,2005-06-27 11:00:00,43371969975,,,,,,,,,,,,,,,
,,,,1966-06,-0.0161,,,2005-06-27 12:00:00,40956068380,,,,,,,,,,,,,,,
,,,,1966-07,-0.0135,,,2005-06-27 13:00:00,35726583722,,,,,,,,,,,,,,,
,,,,1966-08,-0.0778,,,2005-06-27 14:00:00,30992587167,,,,,,,,,,,,,,,
,,,,1966-09,-0.007,,,2005-06-27 15:00:00,27377954868,,,,,,,,,,,,,,,
,,,,1966-10,0.0475,,,2005-06-27 16:00:00,24519862448,,,,,,,,,,,,,,,
,,,,1966-11,0.0031,,,2005-06-27 17:00:00,21631201121,,,,,,,,,,,,,,,
,,,,1966-12,-0.0015,,,2005-06-27 18:00:00,21550451726,,,,,,,,,,,,,,,
,,,,1967-01,0.0782,,,2005-06-27 19:00:00,18531126626,,,,,,,,,,,,,,,
,,,,1967-02,0.002,,,2005-06-27 20:00:00,19764676464,,,,,,,,,,,,,,,
,,,,1967-03,0.0394,,,2005-06-27 21:00:00,28333709789,,,,,,,,,,,,,,,
,,,,1967-04,0.0422,,,2005-06-27 22:00:00,47114378417,,,,,,,,,,,,,,,
,,,,1967-05,-0.0524,,,2005-06-27 23:00:00,70639933712,,,,,,,,,,,,,,,
,,,,1967-06,0.0175,,,2005-06-28 00:00:00,85145696709,,,,,,,,,,,,,,,
,,,,1967-07,0.0453,,,2005-06-28 01:00:00,87394476199,,,,,,,,,,,,,,,
,,,,1967-08,-0.0117,,,2005-06-28 02:00:00,91152740687,,,,,,,,,,,,,,,
,,,,1967-09,0.0328,,,2005-06-28 03:00:00,90673456130,,,,,,,,,,,,,,,
,,,,1967-10,-0.0291,,,2005-06-28 04:00:00,91889331011,,,,,,,,,,,,,,,
,,,,1967-11,0.0011,,,2005-06-28 05:00:00,92310511811,,,,,,,,,,,,,,,
,,,,1967-12,0.0263,,,2005-06-28 06:00:00,89229669955,,,,,,,,,,,,,,,
,,,,1968-01,-0.0438,,,2005-06-28 07:00:00,77415208273,,,,,,,,,,,,,,,
,,,,1968-02,-0.0312,,,2005-06-28 08:00:00,62077613482,,,,,,,,,,,,,,,
,,,,1968-03,0.0094,,,2005-06-28 09:00:00,49491253091,,,,,,,,,,,,,,,
,,,,1968-04,0.0819,,,2005-06-28 10:00:00,45890323997,,,,,,,,,,,,,,,
,,,,1968-05,0.0112,,,2005-06-28 11:00:00,43486750561,,,,,,,,,,,,,,,
,,,,1968-06,0.0091,,,2005-06-28 12:00:00,40288682989,,,,,,,,,,,,,,,
,,,,1968-07,-0.0185,,,2005-06-28 13:00:00,34315317128,,,,,,,,,,,,,,,
,,,,1968-08,0.0115,,,2005-06-28 14:00:00,30292827588,,,,,,,,,,,,,,,
,,,,1968-09,0.0385,,,2005-06-28 15:00:00,25221238038,,,,,,,,,,,,,,,
,,,,1968-10,0.0072,,,2005-06-28 16:00:00,22414064318,,,,,,,,,,,,,,,
,,,,1968-11,0.048,,,2005-06-28 17:00:00,20593062894,,,,,,,,,,,,,,,
,,,,1968-12,-0.0416,,,2005-06-28 18:00:00,20455793926,,,,,,,,,,,,,,,
,,,,1969-01,-0.0082,,,2005-06-28 19:00:00,21481920392,,,,,,,,,,,,,,,
,,,,1969-02,-0.0474,,,2005-06-28 20:00:00,24130494773,,,,,,,,,,,,,,,
,,,,1969-03,0.0344,,,2005-06-28 21:00:00,34315452754,,,,,,,,,,,,,,,
,,,,1969-04,0.0215,,,2005-06-28 22:00:00,55679381961,,,,,,,,,,,,,,,
,,,,1969-05,-0.0022,,,2005-06-28 23:00:00,77590222158,,,,,,,,,,,,,,,
,,,,1969-06,-0.0556,,,2005-06-29 00:00:00,85134163794,,,,,,,,,,,,,,,
,,,,1969-07,-0.0602,,,2005-06-29 01:00:00,86776950459,,,,,,,,,,,,,,,
,,,,1969-08,0.0401,,,2005-06-29 02:00:00,87802369654,,,,,,,,,,,,,,,
,,,,1969-09,-0.025,,,2005-06-29 03:00:00,86253412704,,,,,,,,,,,,,,,
,,,,1969-10,0.0442,,,2005-06-29 04:00:00,90199610258,,,,,,,,,,,,,,,
,,,,1969-11,-0.0353,,,2005-06-29 05:00:00,88382922934,,,,,,,,,,,,,,,
,,,,1969-12,-0.0187,,,2005-06-29 06:00:00,79962014895,,,,,,,,,,,,,,,
,,,,1970-01,-0.0765,,,2005-06-29 07:00:00,65558266329,,,,,,,,,,,,,,,
,,,,1970-02,0.0527,,,2005-06-29 08:00:00,51084928967,,,,,,,,,,,,,,,
,,,,1970-03,0.0015,,,2005-06-29 09:00:00,44927478195,,,,,,,,,,,,,,,
,,,,1970-04,-0.0905,,,2005-06-29 10:00:00,44404995659,,,,,,,,,,,,,,,
,,,,1970-05,-0.061,,,2005-06-29 11:00:00,42191591661,,,,,,,,,,,,,,,
,,,,1970-06,-0.05,,,2005-06-29 12:00:00,38181375398,,,,,,,,,,,,,,,
,,,,1970-07,0.0733,,,2005-06-29 13:00:00,32220154016,,,,,,,,,,,,,,,
,,,,1970-08,0.0445,,,2005-06-29 14:00:00,26529756951,,,,,,,,,,,,,,,
,,,,1970-09,0.033,,,2005-06-29 15:00:00,24210973068,,,,,,,,,,,,,,,
,,,,1970-10,-0.0114,,,2005-06-29 16:00:00,21312279835,,,,,,,,,,,,,,,
,,,,1970-11,0.0474,,,2005-06-29 17:00:00,19819302609,,,,,,,,,,,,,,,
,,,,1970-12,0.0568,,,2005-06-29 18:00:00,18323092827,,,,,,,,,,,,,,,
,,,,1971-01,0.0405,,,2005-06-29 19:00:00,19497160722,,,,,,,,,,,,,,,
,,,,1971-02,0.0091,,,2005-06-29 20:00:00,26417114909,,,,,,,,,,,,,,,
,,,,1971-03,0.0368,,,2005-06-29 21:00:00,42260870756,,,,,,,,,,,,,,,
,,,,1971-04,0.0363,,,2005-06-29 22:00:00,63307902599,,,,,,,,,,,,,,,
,,,,1971-05,-0.0416,,,2005-06-29 23:00:00,79940064327,,,,,,,,,,,,,,,
,,,,1971-06,0.0007,,,2005-06-30 00:00:00,87597102239,,,,,,,,,,,,,,,
,,,,1971-07,-0.0413,,,2005-06-30 01:00:00,90684395193,,,,,,,,,,,,,,,
,,,,1971-08,0.0361,,,2005-06-30 02:00:00,88802196088,,,,,,,,,,,,,,,
,,,,1971-09,-0.007,,,2005-06-30 03:00:00,88041084792,,,,,,,,,,,,,,,
,,,,1971-10,-0.0418,,,2005-06-30 04:00:00,87985675741,,,,,,,,,,,,,,,
,,,,1971-11,-0.0025,,,2005-06-30 05:00:00,85442532863,,,,,,,,,,,,,,,
,,,,1971-12,0.0862,,,2005-06-30 06:00:00,78624265713,,,,,,,,,,,,,,,
,,,,1972-01,0.0181,,,2005-06-30 07:00:00,65603051081,,,,,,,,,,,,,,,
,,,,1972-02,0.0253,,,2005-06-30 08:00:00,51755363851,,,,,,,,,,,,,,,
,,,,1972-03,0.0059,,,2005-06-30 09:00:00,46574468667,,,,,,,,,,,,,,,
,,,,1972-04,0.0044,,,2005-06-30 10:00:00,43216079965,,,,,,,,,,,,,,,
,,,,1972-05,0.0173,,,2005-06-30 11:00:00,40865450755,,,,,,,,,,,,,,,
,,,,1972-06,-0.0218,,,2005-06-30 12:00:00,36097850573,,,,,,,,,,,,,,,
,,,,1972-07,0.0023,,,2005-06-30 13:00:00,31578670883,,,,,,,,,,,,,,,
,,,,1972-08,0.0345,,,2005-06-30 14:00:00,26379966003,,,,,,,,,,,,,,,
,,,,1972-09,-0.0049,,,2005-06-30 15:00:00,22722343469,,,,,,,,,,,,,,,
,,,,1972-10,0.0093,,,2005-06-30 16:00:00,20192602084,,,,,,,,,,,,,,,
,,,,1972-11,0.0456,,,2005-06-30 17:00:00,19262554209,,,,,,,,,,,,,,,
,,,,1972-12,0.0118,,,2005-06-30 18:00:00,18984156062,,,,,,,,,,,,,,,
,,,,1973-01,-0.0171,,,2005-06-30 19:00:00,22737110703,,,,,,,,,,,,,,,
,,,,1973-02,-0.0375,,,2005-06-30 20:00:00,29845862355,,,,,,,,,,,,,,,
,,,,1973-03,-0.0014,,,2005-06-30 21:00:00,51384458770,,,,,,,,,,,,,,,
,,,,1973-04,-0.0408,,,2005-06-30 22:00:00,73517736532,,,,,,,,,,,,,,,
,,,,1973-05,-0.0189,,,2005-06-30 23:00:00,84782422467,,,,,,,,,,,,,,,
,,,,1973-06,-0.0066,,,2005-07-01 00:00:00,89036232144,,,,,,,,,,,,,,,
,,,,1973-07,0.038,,,2005-07-01 01:00:00,92507049854,,,,,,,,,,,,,,,
,,,,1973-08,-0.0367,,,2005-07-01 02:00:00,91109142089,,,,,,,,,,,,,,,
,,,,1973-09,0.0401,,,2005-07-01 03:00:00,93342649183,,,,,,,,,,,,,,,
,,,,1973-10,-0.0013,,,2005-07-01 04:00:00,86995497435,,,,,,,,,,,,,,,
,,,,1973-11,-0.1139,,,2005-07-01 05:00:00,82144586631,,,,,,,,,,,,,,,
,,,,1973-12,0.0166,,,2005-07-01 06:00:00,68223520640,,,,,,,,,,,,,,,
,,,,1974-01,-0.01,,,2005-07-01 07:00:00,54738964241,,,,,,,,,,,,,,,
,,,,1974-02,-0.0036,,,2005-07-01 08:00:00,45832329649,,,,,,,,,,,,,,,
,,,,1974-03,-0.0233,,,2005-07-01 09:00:00,43157627739,,,,,,,,,,,,,,,
,,,,1974-04,-0.0391,,,2005-07-01 10:00:00,40426943207,,,,,,,,,,,,,,,
,,,,1974-05,-0.0336,,,2005-07-01 11:00:00,39153850256,,,,,,,,,,,,,,,
,,,,1974-06,-0.0147,,,2005-07-01 12:00:00,34132877323,,,,,,,,,,,,,,,
,,,,1974-07,-0.0778,,,2005-07-01 13:00:00,28741465224,,,,,,,,,,,,,,,
,,,,1974-08,-0.0903,,,2005-07-01 14:00:00,24979236321,,,,,,,,,,,,,,,
,,,,1974-09,-0.1193,,,2005-07-01 15:00:00,22178685236,,,,,,,,,,,,,,,
,,,,1974-10,0.163,,,2005-07-01 16:00:00,20560388625,,,,,,,,,,,,,,,
,,,,1974-11,-0.0532,,,2005-07-01 17:00:00,19541209903,,,,,,,,,,,,,,,
,,,,1974-12,-0.0202,,,2005-07-01 18:00:00,18347297027,,,,,,,,,,,,,,,
,,,,1975-01,0.1228,,,2005-07-01 19:00:00,18883298020,,,,,,,,,,,,,,,
,,,,1975-02,0.0599,,,2005-07-01 20:00:00,19644167721,,,,,,,,,,,,,,,
,,,,1975-03,0.0217,,,2005-07-01 21:00:00,23562593615,,,,,,,,,,,,,,,
,,,,1975-04,0.0473,,,2005-07-01 22:00:00,27860544411,,,,,,,,,,,,,,,
,,,,1975-05,0.0441,,,2005-07-01 23:00:00,31747132945,,,,,,,,,,,,,,,
,,,,1975-06,0.0443,,,2005-07-02 00:00:00,34852588231,,,,,,,,,,,,,,,
,,,,1975-07,-0.0677,,,2005-07-02 01:00:00,35615313952,,,,,,,,,,,,,,,
,,,,1975-08,-0.0211,,,2005-07-02 02:00:00,35177151656,,,,,,,,,,,,,,,
,,,,1975-09,-0.0346,,,2005-07-02 03:00:00,35380512107,,,,,,,,,,,,,,,
,,,,1975-10,0.0616,,,2005-07-02 04:00:00,35414276728,,,,,,,,,,,,,,,
,,,,1975-11,0.0247,,,2005-07-02 05:00:00,34897438075,,,,,,,,,,,,,,,
,,,,1975-12,-0.0115,,,2005-07-02 06:00:00,33425047973,,,,,,,,,,,,,,,
,,,,1976-01,0.1183,,,2005-07-02 07:00:00,33505179243,,,,,,,,,,,,,,,
,,,,1976-02,-0.0114,,,2005-07-02 08:00:00,33500734444,,,,,,,,,,,,,,,
,,,,1976-03,0.0307,,,2005-07-02 09:00:00,32179702081,,,,,,,,,,,,,,,
,,,,1976-04,-0.011,,,2005-07-02 10:00:00,31001004579,,,,,,,,,,,,,,,
,,,,1976-05,-0.0144,,,2005-07-02 11:00:00,28918135146,,,,,,,,,,,,,,,
,,,,1976-06,0.0409,,,2005-07-02 12:00:00,26537343683,,,,,,,,,,,,,,,
,,,,1976-07,-0.0081,,,2005-07-02 13:00:00,24332899690,,,,,,,,,,,,,,,
,,,,1976-08,-0.0051,,,2005-07-02 14:00:00,20838038220,,,,,,,,,,,,,,,
,,,,1976-09,0.0226,,,2005-07-02 15:00:00,20066572421,,,,,,,,,,,,,,,
,,,,1976-10,-0.0222,,,2005-07-02 16:00:00,21626941932,,,,,,,,,,,,,,,
,,,,1976-11,-0.0078,,,2005-07-02 17:00:00,17697792389,,,,,,,,,,,,,,,
,,,,1976-12,0.0525,,,2005-07-02 18:00:00,17007445621,,,,,,,,,,,,,,,
,,,,1977-01,-0.0505,,,2005-07-02 19:00:00,17393241068,,,,,,,,,,,,,,,
,,,,1977-02,-0.0217,,,2005-07-02 20:00:00,18289285493,,,,,,,,,,,,,,,
,,,,1977-03,-0.014,,,2005-07-02 21:00:00,22602862869,,,,,,,,,,,,,,,
,,,,1977-04,0.0002,,,2005-07-02 22:00:00,27335415583,,,,,,,,,,,,,,,
,,,,1977-05,-0.0236,,,2005-07-02 23:00:00,31768508536,,,,,,,,,,,,,,,
,,,,1977-06,0.0454,,,2005-07-03 00:00:00,34105599808,,,,,,,,,,,,,,,
,,,,1977-07,-0.0162,,,2005-07-03 01:00:00,34129910541,,,,,,,,,,,,,,,
,,,,1977-08,-0.021,,,2005-07-03 02:00:00,34195914565,,,,,,,,,,,,,,,
,,,,1977-09,-0.0025,,,2005-07-03 03:00:00,33696048765,,,,,,,,,,,,,,,
,,,,1977-10,-0.0434,,,2005-07-03 04:00:00,34980741187,,,,,,,,,,,,,,,
,,,,1977-11,0.027,,,2005-07-03 05:00:00,36508832356,,,,,,,,,,,,,,,
,,,,1977-12,0.0028,,,2005-07-03 06:00:00,36449512232,,,,,,,,,,,,,,,
,,,,1978-01,-0.0615,,,2005-07-03 07:00:00,37151979337,,,,,,,,,,,,,,,
,,,,1978-02,-0.0248,,,2005-07-03 08:00:00,38957387754,,,,,,,,,,,,,,,
,,,,1978-03,0.0249,,,2005-07-03 09:00:00,38363078298,,,,,,,,,,,,,,,
,,,,1978-04,0.0854,,,2005-07-03 10:00:00,37126481318,,,,,,,,,,,,,,,
,,,,1978-05,0.0042,,,2005-07-03 11:00:00,33287245492,,,,,,,,,,,,,,,
,,,,1978-06,-0.0176,,,2005-07-03 12:00:00,27670783512,,,,,,,,,,,,,,,
,,,,1978-07,0.0539,,,2005-07-03 13:00:00,23613222216,,,,,,,,,,,,,,,
,,,,1978-08,0.0259,,,2005-07-03 14:00:00,20309946658,,,,,,,,,,,,,,,
,,,,1978-09,-0.0073,,,2005-07-03 15:00:00,19445100452,,,,,,,,,,,,,,,
,,,,1978-10,-0.0916,,,2005-07-03 16:00:00,19943991151,,,,,,,,,,,,,,,
,,,,1978-11,0.0166,,,2005-07-03 17:00:00,20715319155,,,,,,,,,,,,,,,
,,,,1978-12,0.0149,,,2005-07-03 18:00:00,24436408487,,,,,,,,,,,,,,,
,,,,1979-01,0.0397,,,2005-07-03 19:00:00,34262909178,,,,,,,,,,,,,,,
,,,,1979-02,-0.0365,,,2005-07-03 20:00:00,60651431871,,,,,,,,,,,,,,,
,,,,1979-03,0.0552,,,2005-07-03 21:00:00,83028042420,,,,,,,,,,,,,,,
,,,,1979-04,0.0017,,,2005-07-03 22:00:00,90074587336,,,,,,,,,,,,,,,
,,,,1979-05,-0.0263,,,2005-07-03 23:00:00,95034809583,,,,,,,,,,,,,,,
,,,,1979-06,0.0387,,,2005-07-04 00:00:00,95203332395,,,,,,,,,,,,,,,
,,,,1979-07,0.0087,,,2005-07-04 01:00:00,94863886958,,,,,,,,,,,,,,,
,,,,1979-08,0.0531,,,2005-07-04 02:00:00,99649120069,,,,,,,,,,,,,,,
,,,,1979-09,0.0,,,2005-07-04 03:00:00,97854731863,,,,,,,,,,,,,,,
,,,,1979-10,-0.0686,,,2005-07-04 04:00:00,91224735995,,,,,,,,,,,,,,,
,,,,1979-11,0.0426,,,2005-07-04 05:00:00,77685217824,,,,,,,,,,,,,,,
,,,,1979-12,0.0168,,,2005-07-04 06:00:00,57965829337,,,,,,,,,,,,,,,
,,,,1980-01,0.0576,,,2005-07-04 07:00:00,49214415595,,,,,,,,,,,,,,,
,,,,1980-02,-0.0044,,,2005-07-04 08:00:00,46050475722,,,,,,,,,,,,,,,
,,,,1980-03,-0.1018,,,2005-07-04 09:00:00,43894171472,,,,,,,,,,,,,,,
,,,,1980-04,0.0411,,,2005-07-04 10:00:00,43266417163,,,,,,,,,,,,,,,
,,,,1980-05,0.0466,,,2005-07-04 11:00:00,33523924253,,,,,,,,,,,,,,,
,,,,1980-06,0.027,,,2005-07-04 12:00:00,28045054948,,,,,,,,,,,,,,,
,,,,1980-07,0.065,,,2005-07-04 13:00:00,22929001712,,,,,,,,,,,,,,,
,,,,1980-08,0.0058,,,2005-07-04 14:00:00,20999684290,,,,,,,,,,,,,,,
,,,,1980-09,0.0252,,,2005-07-04 15:00:00,19421959281,,,,,,,,,,,,,,,
,,,,1980-10,0.016,,,2005-07-04 16:00:00,18374783356,,,,,,,,,,,,,,,
,,,,1980-11,0.1024,,,2005-07-04 17:00:00,18939111824,,,,,,,,,,,,,,,
,,,,1980-12,-0.0339,,,2005-07-04 18:00:00,25066377740,,,,,,,,,,,,,,,
,,,,1981-01,-0.0457,,,2005-07-04 19:00:00,40546902854,,,,,,,,,,,,,,,
,,,,1981-02,0.0133,,,2005-07-04 20:00:00,66617841692,,,,,,,,,,,,,,,
,,,,1981-03,0.036,,,2005-07-04 21:00:00,82886796737,,,,,,,,,,,,,,,
,,,,1981-04,-0.0235,,,2005-07-04 22:00:00,92328840430,,,,,,,,,,,,,,,
,,,,1981-05,-0.0017,,,2005-07-04 23:00:00,97202780921,,,,,,,,,,,,,,,
,,,,1981-06,-0.0104,,,2005-07-05 00:00:00,91051447314,,,,,,,,,,,,,,,
,,,,1981-07,-0.0022,,,2005-07-05 01:00:00,95053469812,,,,,,,,,,,,,,,
,,,,1981-08,-0.0621,,,2005-07-05 02:00:00,94356472916,,,,,,,,,,,,,,,
,,,,1981-09,-0.0538,,,2005-07-05 03:00:00,93235514939,,,,,,,,,,,,,,,
,,,,1981-10,0.0491,,,2005-07-05 04:00:00,83570889967,,,,,,,,,,,,,,,
,,,,1981-11,0.0366,,,2005-07-05 05:00:00,68984479663,,,,,,,,,,,,,,,
,,,,1981-12,-0.0301,,,2005-07-05 06:00:00,52833479522,,,,,,,,,,,,,,,
,,,,1982-01,-0.0175,,,2005-07-05 07:00:00,47572918760,,,,,,,,,,,,,,,
,,,,1982-02,-0.0605,,,2005-07-05 08:00:00,44024699323,,,,,,,,,,,,,,,
,,,,1982-03,-0.0102,,,2005-07-05 09:00:00,41689067344,,,,,,,,,,,,,,,
,,,,1982-04,0.04,,,2005-07-05 10:00:00,36765237303,,,,,,,,,,,,,,,
,,,,1982-05,-0.0392,,,2005-07-05 11:00:00,29931833265,,,,,,,,,,,,,,,
,,,,1982-06,-0.0203,,,2005-07-05 12:00:00,25547007679,,,,,,,,,,,,,,,
,,,,1982-07,-0.023,,,2005-07-05 13:00:00,21845876244,,,,,,,,,,,,,,,
,,,,1982-08,0.116,,,2005-07-05 14:00:00,21008745537,,,,,,,,,,,,,,,
,,,,1982-09,0.0076,,,2005-07-05 15:00:00,19837515656,,,,,,,,,,,,,,,
,,,,1982-10,0.1104,,,2005-07-05 16:00:00,19480268930,,,,,,,,,,,,,,,
,,,,1982-11,0.0361,,,2005-07-05 17:00:00,23096500808,,,,,,,,,,,,,,,
,,,,1982-12,0.0152,,,2005-07-05 18:00:00,31426115516,,,,,,,,,,,,,,,
,,,,1983-01,0.0331,,,2005-07-05 19:00:00,50826250681,,,,,,,,,,,,,,,
,,,,1983-02,0.019,,,2005-07-05 20:00:00,73624513356,,,,,,,,,,,,,,,
,,,,1983-03,0.0331,,,2005-07-05 21:00:00,86730883388,,,,,,,,,,,,,,,
,,,,1983-04,0.0749,,,2005-07-05 22:00:00,92711008893,,,,,,,,,,,,,,,
,,,,1983-05,-0.0123,,,2005-07-05 23:00:00,96147457620,,,,,,,,,,,,,,,
,,,,1983-06,0.0352,,,2005-07-06 00:00:00,96571328522,,,,,,,,,,,,,,,
,,,,1983-07,-0.033,,,2005-07-06 01:00:00,96888929011,,,,,,,,,,,,,,,
,,,,1983-08,0.0113,,,2005-07-06 02:00:00,96263197420,,,,,,,,,,,,,,,
,,,,1983-09,0.0102,,,2005-07-06 03:00:00,89238921236,,,,,,,,,,,,,,,
,,,,1983-10,-0.0152,,,2005-07-06 04:00:00,76235454922,,,,,,,,,,,,,,,
,,,,1983-11,0.0174,,,2005-07-06 05:00:00,60362832437,,,,,,,,,,,,,,,
,,,,1983-12,-0.0088,,,2005-07-06 06:00:00,51454083553,,,,,,,,,,,,,,,
,,,,1984-01,-0.0092,,,2005-07-06 07:00:00,48165029463,,,,,,,,,,,,,,,
,,,,1984-02,-0.0389,,,2005-07-06 08:00:00,44903875405,,,,,,,,,,,,,,,
,,,,1984-03,0.0135,,,2005-07-06 09:00:00,39035488950,,,,,,,,,,,,,,,
,,,,1984-04,0.0055,,,2005-07-06 10:00:00,33655487011,,,,,,,,,,,,,,,
,,,,1984-05,-0.0594,,,2005-07-06 11:00:00,29648165372,,,,,,,,,,,,,,,
,,,,1984-06,0.0175,,,2005-07-06 12:00:00,24438126274,,,,,,,,,,,,,,,
,,,,1984-07,-0.0165,,,2005-07-06 13:00:00,22378971026,,,,,,,,,,,,,,,
,,,,1984-08,0.1063,,,2005-07-06 14:00:00,21611575949,,,,,,,,,,,,,,,
,,,,1984-09,-0.0035,,,2005-07-06 15:00:00,19726354979,,,,,,,,,,,,,,,
,,,,1984-10,-0.0001,,,2005-07-06 16:00:00,19351720367,,,,,,,,,,,,,,,
,,,,1984-11,-0.0151,,,2005-07-06 17:00:00,23962233047,,,,,,,,,,,,,,,
,,,,1984-12,0.0224,,,2005-07-06 18:00:00,37569876744,,,,,,,,,,,,,,,
,,,,1985-01,0.0741,,,2005-07-06 19:00:00,61091953346,,,,,,,,,,,,,,,
,,,,1985-02,0.0087,,,2005-07-06 20:00:00,80559933693,,,,,,,,,,,,,,,
,,,,1985-03,-0.0029,,,2005-07-06 21:00:00,90472737523,,,,,,,,,,,,,,,
,,,,1985-04,-0.0046,,,2005-07-06 22:00:00,96967826338,,,,,,,,,,,,,,,
,,,,1985-05,0.0541,,,2005-07-06 23:00:00,95937925681,,,,,,,,,,,,,,,
,,,,1985-06,0.0121,,,2005-07-07 00:00:00,95574841591,,,,,,,,,,,,,,,
,,,,1985-07,-0.0048,,,2005-07-07 01:00:00,95157574039,,,,,,,,,,,,,,,
,,,,1985-08,-0.012,,,2005-07-07 02:00:00,92399032931,,,,,,,,,,,,,,,
,,,,1985-09,-0.0347,,,2005-07-07 03:00:00,88279687012,,,,,,,,,,,,,,,
,,,,1985-10,0.0425,,,2005-07-07 04:00:00,71562032159,,,,,,,,,,,,,,,
,,,,1985-11,0.0651,,,2005-07-07 05:00:00,54788224492,,,,,,,,,,,,,,,
,,,,1985-12,0.0451,,,2005-07-07 06:00:00,49849027204,,,,,,,,,,,,,,,
,,,,1986-01,0.0024,,,2005-07-07 07:00:00,44651592609,,,,,,,,,,,,,,,
,,,,1986-02,0.0715,,,2005-07-07 08:00:00,42234329703,,,,,,,,,,,,,,,
,,,,1986-03,0.0528,,,2005-07-07 09:00:00,36969284817,,,,,,,,,,,,,,,
,,,,1986-04,-0.0141,,,2005-07-07 10:00:00,32349967921,,,,,,,,,,,,,,,
,,,,1986-05,0.0502,,,2005-07-07 11:00:00,27997406012,,,,,,,,,,,,,,,
,,,,1986-06,0.0141,,,2005-07-07 12:00:00,24179615729,,,,,,,,,,,,,,,
,,,,1986-07,-0.0587,,,2005-07-07 13:00:00,22957691366,,,,,,,,,,,,,,,
,,,,1986-08,0.0712,,,2005-07-07 14:00:00,23455694261,,,,,,,,,,,,,,,
,,,,1986-09,-0.0854,,,2005-07-07 15:00:00,20915595220,,,,,,,,,,,,,,,
,,,,1986-10,0.0547,,,2005-07-07 16:00:00,21668928823,,,,,,,,,,,,,,,
,,,,1986-11,0.0215,,,2005-07-07 17:00:00,28643497279,,,,,,,,,,,,,,,
,,,,1986-12,-0.0283,,,2005-07-07 18:00:00,46420775555,,,,,,,,,,,,,,,
,,,,1987-01,0.1318,,,2005-07-07 19:00:00,68582573078,,,,,,,,,,,,,,,
,,,,1987-02,0.0369,,,2005-07-07 20:00:00,84155577910,,,,,,,,,,,,,,,
,,,,1987-03,0.0264,,,2005-07-07 21:00:00,91039580573,,,,,,,,,,,,,,,
,,,,1987-04,-0.0115,,,2005-07-07 22:00:00,91745217610,,,,,,,,,,,,,,,
,,,,1987-05,0.006,,,2005-07-07 23:00:00,87881891401,,,,,,,,,,,,,,,
,,,,1987-06,0.0479,,,2005-07-08 00:00:00,89911120550,,,,,,,,,,,,,,,
,,,,1987-07,0.0482,,,2005-07-08 01:00:00,87796876573,,,,,,,,,,,,,,,
,,,,1987-08,0.035,,,2005-07-08 02:00:00,79273771496,,,,,,,,,,,,,,,
,,,,1987-09,-0.0242,,,2005-07-08 03:00:00,70121954610,,,,,,,,,,,,,,,
,,,,1987-10,-0.2176,,,2005-07-08 04:00:00,57074966722,,,,,,,,,,,,,,,
,,,,1987-11,-0.0853,,,2005-07-08 05:00:00,45680826860,,,,,,,,,,,,,,,
,,,,1987-12,0.0729,,,2005-07-08 06:00:00,40551305812,,,,,,,,,,,,,,,
,,,,1988-01,0.0404,,,2005-07-08 07:00:00,37389217178,,,,,,,,,,,,,,,
,,,,1988-02,0.0418,,,2005-07-08 08:00:00,35351495392,,,,,,,,,,,,,,,
,,,,1988-03,-0.0333,,,2005-07-08 09:00:00,30984959074,,,,,,,,,,,,,,,
,,,,1988-04,0.0094,,,2005-07-08 10:00:00,26881914483,,,,,,,,,,,,,,,
,,,,1988-05,0.0032,,,2005-07-08 11:00:00,24645510941,,,,,,,,,,,,,,,
,,,,1988-06,0.0433,,,2005-07-08 12:00:00,21476349345,,,,,,,,,,,,,,,
,,,,1988-07,-0.0054,,,2005-07-08 13:00:00,19671006064,,,,,,,,,,,,,,,
,,,,1988-08,-0.0386,,,2005-07-08 14:00:00,19181275055,,,,,,,,,,,,,,,
,,,,1988-09,0.0397,,,2005-07-08 15:00:00,18061403440,,,,,,,,,,,,,,,
,,,,1988-10,0.026,,,2005-07-08 16:00:00,18909879283,,,,,,,,,,,,,,,
,,,,1988-11,-0.0189,,,2005-07-08 17:00:00,19497864780,,,,,,,,,,,,,,,
,,,,1988-12,0.0147,,,2005-07-08 18:00:00,22237621014,,,,,,,,,,,,,,,
,,,,1989-01,0.0711,,,2005-07-08 19:00:00,27372423871,,,,,,,,,,,,,,,
,,,,1989-02,-0.0289,,,2005-07-08 20:00:00,31060638523,,,,,,,,,,,,,,,
,,,,1989-03,0.0208,,,2005-07-08 21:00:00,32998646186,,,,,,,,,,,,,,,
,,,,1989-04,0.0501,,,2005-07-08 22:00:00,34599923439,,,,,,,,,,,,,,,
,,,,1989-05,0.0351,,,2005-07-08 23:00:00,34732625697,,,,,,,,,,,,,,,
,,,,1989-06,-0.0079,,,2005-07-09 00:00:00,33244570234,,,,,,,,,,,,,,,
,,,,1989-07,0.0884,,,2005-07-09 01:00:00,31479288339,,,,,,,,,,,,,,,
,,,,1989-08,0.0155,,,2005-07-09 02:00:00,32745979823,,,,,,,,,,,,,,,
,,,,1989-09,-0.0065,,,2005-07-09 03:00:00,33255061800,,,,,,,,,,,,,,,
,,,,1989-10,-0.0252,,,2005-07-09 04:00:00,32689887915,,,,,,,,,,,,,,,
,,,,1989-11,0.0165,,,2005-07-09 05:00:00,32450287761,,,,,,,,,,,,,,,
,,,,1989-12,0.0214,,,2005-07-09 06:00:00,32086226473,,,,,,,,,,,,,,,
,,,,1990-01,-0.0688,,,2005-07-09 07:00:00,32210156563,,,,,,,,,,,,,,,
,,,,1990-02,0.0085,,,2005-07-09 08:00:00,32020880958,,,,,,,,,,,,,,,
,,,,1990-03,0.0243,,,2005-07-09 09:00:00,28201980813,,,,,,,,,,,,,,,
,,,,1990-04,-0.0269,,,2005-07-09 10:00:00,24614618919,,,,,,,,,,,,,,,
,,,,1990-05,0.092,,,2005-07-09 11:00:00,23224743320,,,,,,,,,,,,,,,
,,,,1990-06,-0.0089,,,2005-07-09 12:00:00,20936348021,,,,,,,,,,,,,,,
,,,,1990-07,-0.0052,,,2005-07-09 13:00:00,19487441181,,,,,,,,,,,,,,,
,,,,1990-08,-0.0943,,,2005-07-09 14:00:00,18632821237,,,,,,,,,,,,,,,
,,,,1990-09,-0.0512,,,2005-07-09 15:00:00,16678781776,,,,,,,,,,,,,,,
,,,,1990-10,-0.0067,,,2005-07-09 16:00:00,16891517428,,,,,,,,,,,,,,,
,,,,1990-11,0.0599,,,2005-07-09 17:00:00,17045997976,,,,,,,,,,,,,,,
,,,,1990-12,0.0248,,,2005-07-09 18:00:00,19668423786,,,,,,,,,,,,,,,
,,,,1991-01,0.0415,,,2005-07-09 19:00:00,23723982073,,,,,,,,,,,,,,,
,,,,1991-02,0.0673,,,2005-07-09 20:00:00,28508902774,,,,,,,,,,,,,,,
,,,,1991-03,0.0222,,,2005-07-09 21:00:00,31239179623,,,,,,,,,,,,,,,
,,,,1991-04,0.0003,,,2005-07-09 22:00:00,32984574201,,,,,,,,,,,,,,,
,,,,1991-05,0.0386,,,2005-07-09 23:00:00,32335863856,,,,,,,,,,,,,,,
,,,,1991-06,-0.0479,,,2005-07-10 00:00:00,32832310755,,,,,,,,,,,,,,,
,,,,1991-07,0.0449,,,2005-07-10 01:00:00,33975995929,,,,,,,,,,,,,,,
,,,,1991-08,0.0196,,,2005-07-10 02:00:00,36730276972,,,,,,,,,,,,,,,
,,,,1991-09,-0.0191,,,2005-07-10 03:00:00,35331705033,,,,,,,,,,,,,,,
,,,,1991-10,0.0119,,,2005-07-10 04:00:00,36346255676,,,,,,,,,,,,,,,
,,,,1991-11,-0.0439,,,2005-07-10 05:00:00,38269861752,,,,,,,,,,,,,,,
,,,,1991-12,0.1116,,,2005-07-10 06:00:00,36177835888,,,,,,,,,,,,,,,
,,,,,,,,2005-07-10 07:00:00,35449546447,,,,,,,,,,,,,,,
,,,,,,,,2005-07-10 08:00:00,32212148577,,,,,,,,,,,,,,,
,,,,,,,,2005-07-10 09:00:00,27755464924,,,,,,,,,,,,,,,
,,,,,,,,2005-07-10 10:00:00,24130668412,,,,,,,,,,,,,,,
,,,,,,,,2005-07-10 11:00:00,20170755930,,,,,,,,,,,,,,,
,,,,,,,,2005-07-10 12:00:00,19585498848,,,,,,,,,,,,,,,
,,,,,,,,2005-07-10 13:00:00,17965791427,,,,,,,,,,,,,,,
,,,,,,,,2005-07-10 14:00:00,18145199140,,,,,,,,,,,,,,,
,,,,,,,,2005-07-10 15:00:00,21436676575,,,,,,,,,,,,,,,
,,,,,,,,2005-07-10 16:00:00,28573247498,,,,,,,,,,,,,,,
,,,,,,,,2005-07-10 17:00:00,51326315157,,,,,,,,,,,,,,,
,,,,,,,,2005-07-10 18:00:00,77952491704,,,,,,,,,,,,,,,
,,,,,,,,2005-07-10 19:00:00,91336784369,,,,,,,,,,,,,,,
,,,,,,,,2005-07-10 20:00:00,97899057325,,,,,,,,,,,,,,,
,,,,,,,,2005-07-10 21:00:00,98200826745,,,,,,,,,,,,,,,
,,,,,,,,2005-07-10 22:00:00,96137180949,,,,,,,,,,,,,,,
,,,,,,,,2005-07-10 23:00:00,98168123070,,,,,,,,,,,,,,,
,,,,,,,,2005-07-11 00:00:00,99568330488,,,,,,,,,,,,,,,
,,,,,,,,2005-07-11 01:00:00,91547964982,,,,,,,,,,,,,,,
,,,,,,,,2005-07-11 02:00:00,79883715170,,,,,,,,,,,,,,,
,,,,,,,,2005-07-11 03:00:00,61657668296,,,,,,,,,,,,,,,
,,,,,,,,2005-07-11 04:00:00,51585867778,,,,,,,,,,,,,,,
,,,,,,,,2005-07-11 05:00:00,47213791798,,,,,,,,,,,,,,,
,,,,,,,,2005-07-11 06:00:00,43916146463,,,,,,,,,,,,,,,
,,,,,,,,2005-07-11 07:00:00,40897409816,,,,,,,,,,,,,,,
,,,,,,,,2005-07-11 08:00:00,34982698512,,,,,,,,,,,,,,,
,,,,,,,,2005-07-11 09:00:00,29815232002,,,,,,,,,,,,,,,
,,,,,,,,2005-07-11 10:00:00,24546547903,,,,,,,,,,,,,,,
,,,,,,,,2005-07-11 11:00:00,22993483495,,,,,,,,,,,,,,,
,,,,,,,,2005-07-11 12:00:00,21950124682,,,,,,,,,,,,,,,
,,,,,,,,2005-07-11 13:00:00,20987265077,,,,,,,,,,,,,,,
,,,,,,,,2005-07-11 14:00:00,22900604084,,,,,,,,,,,,,,,
,,,,,,,,2005-07-11 15:00:00,24133695751,,,,,,,,,,,,,,,
,,,,,,,,2005-07-11 16:00:00,37547257708,,,,,,,,,,,,,,,
,,,,,,,,2005-07-11 17:00:00,65405002170,,,,,,,,,,,,,,,
,,,,,,,,2005-07-11 18:00:00,83433602287,,,,,,,,,,,,,,,
,,,,,,,,2005-07-11 19:00:00,93525843851,,,,,,,,,,,,,,,
,,,,,,,,2005-07-11 20:00:00,98445011416,,,,,,,,,,,,,,,
,,,,,,,,2005-07-11 21:00:00,95622462978,,,,,,,,,,,,,,,
,,,,,,,,2005-07-11 22:00:00,97108978928,,,,,,,,,,,,,,,
,,,,,,,,2005-07-11 23:00:00,100871365956,,,,,,,,,,,,,,,
,,,,,,,,2005-07-12 00:00:00,86501816576,,,,,,,,,,,,,,,
,,,,,,,,2005-07-12 01:00:00,73814334814,,,,,,,,,,,,,,,
,,,,,,,,2005-07-12 02:00:00,78975249172,,,,,,,,,,,,,,,
,,,,,,,,2005-07-12 03:00:00,57172622777,,,,,,,,,,,,,,,
,,,,,,,,2005-07-12 04:00:00,48610807778,,,,,,,,,,,,,,,
,,,,,,,,2005-07-12 05:00:00,43998838956,,,,,,,,,,,,,,,
,,,,,,,,2005-07-12 06:00:00,42946609377,,,,,,,,,,,,,,,
,,,,,,,,2005-07-12 07:00:00,38632665347,,,,,,,,,,,,,,,
,,,,,,,,2005-07-12 08:00:00,33724153910,,,,,,,,,,,,,,,
,,,,,,,,2005-07-12 09:00:00,26559307068,,,,,,,,,,,,,,,
,,,,,,,,2005-07-12 10:00:00,23846425070,,,,,,,,,,,,,,,
,,,,,,,,2005-07-12 11:00:00,23234982290,,,,,,,,,,,,,,,
,,,,,,,,2005-07-12 12:00:00,22892308708,,,,,,,,,,,,,,,
,,,,,,,,2005-07-12 13:00:00,18788405358,,,,,,,,,,,,,,,
,,,,,,,,2005-07-12 14:00:00,20445654193,,,,,,,,,,,,,,,
,,,,,,,,2005-07-12 15:00:00,29325633105,,,,,,,,,,,,,,,
,,,,,,,,2005-07-12 16:00:00,49956507923,,,,,,,,,,,,,,,
,,,,,,,,2005-07-12 17:00:00,74173388264,,,,,,,,,,,,,,,
,,,,,,,,2005-07-12 18:00:00,83329446721,,,,,,,,,,,,,,,
,,,,,,,,2005-07-12 19:00:00,92467262920,,,,,,,,,,,,,,,
,,,,,,,,2005-07-12 20:00:00,92435734756,,,,,,,,,,,,,,,
,,,,,,,,2005-07-12 21:00:00,94430078989,,,,,,,,,,,,,,,
,,,,,,,,2005-07-12 22:00:00,96861449107,,,,,,,,,,,,,,,
,,,,,,,,2005-07-12 23:00:00,96398235524,,,,,,,,,,,,,,,
,,,,,,,,2005-07-13 00:00:00,89116873798,,,,,,,,,,,,,,,
,,,,,,,,2005-07-13 01:00:00,79448056007,,,,,,,,,,,,,,,
,,,,,,,,2005-07-13 02:00:00,49524428935,,,,,,,,,,,,,,,
,,,,,,,,2005-07-13 03:00:00,37059450719,,,,,,,,,,,,,,,
,,,,,,,,2005-07-13 04:00:00,32102958505,,,,,,,,,,,,,,,
,,,,,,,,2005-07-13 05:00:00,31476233353,,,,,,,,,,,,,,,
,,,,,,,,2005-07-13 06:00:00,28544235069,,,,,,,,,,,,,,,
,,,,,,,,2005-07-13 07:00:00,24306679391,,,,,,,,,,,,,,,
,,,,,,,,2005-07-13 08:00:00,21146588137,,,,,,,,,,,,,,,
,,,,,,,,2005-07-13 09:00:00,18130726828,,,,,,,,,,,,,,,
,,,,,,,,2005-07-13 10:00:00,16100827265,,,,,,,,,,,,,,,
,,,,,,,,2005-07-13 11:00:00,14973448906,,,,,,,,,,,,,,,
,,,,,,,,2005-07-13 12:00:00,14744472863,,,,,,,,,,,,,,,
,,,,,,,,2005-07-13 13:00:00,15943513614,,,,,,,,,,,,,,,
,,,,,,,,2005-07-13 14:00:00,18565922668,,,,,,,,,,,,,,,
,,,,,,,,2005-07-13 15:00:00,31229699849,,,,,,,,,,,,,,,
,,,,,,,,2005-07-13 16:00:00,46402198537,,,,,,,,,,,,,,,
,,,,,,,,2005-07-13 17:00:00,65294616938,,,,,,,,,,,,,,,
,,,,,,,,2005-07-13 18:00:00,72445080180,,,,,,,,,,,,,,,
,,,,,,,,2005-07-13 19:00:00,75682252236,,,,,,,,,,,,,,,
,,,,,,,,2005-07-13 20:00:00,72862459379,,,,,,,,,,,,,,,
,,,,,,,,2005-07-13 21:00:00,69962557076,,,,,,,,,,,,,,,
,,,,,,,,2005-07-13 22:00:00,71850495161,,,,,,,,,,,,,,,
,,,,,,,,2005-07-13 23:00:00,73112583514,,,,,,,,,,,,,,,
,,,,,,,,2005-07-14 00:00:00,65547978156,,,,,,,,,,,,,,,
,,,,,,,,2005-07-14 01:00:00,54002194243,,,,,,,,,,,,,,,
,,,,,,,,2005-07-14 02:00:00,49247960599,,,,,,,,,,,,,,,
,,,,,,,,2005-07-14 03:00:00,44689344757,,,,,,,,,,,,,,,
,,,,,,,,2005-07-14 04:00:00,43134247765,,,,,,,,,,,,,,,
,,,,,,,,2005-07-14 05:00:00,41020914480,,,,,,,,,,,,,,,
,,,,,,,,2005-07-14 06:00:00,37654951959,,,,,,,,,,,,,,,
,,,,,,,,2005-07-14 07:00:00,33043033289,,,,,,,,,,,,,,,
,,,,,,,,2005-07-14 08:00:00,28778638425,,,,,,,,,,,,,,,
,,,,,,,,2005-07-14 09:00:00,24259773292,,,,,,,,,,,,,,,
,,,,,,,,2005-07-14 10:00:00,22656583805,,,,,,,,,,,,,,,
,,,,,,,,2005-07-14 11:00:00,21218104983,,,,,,,,,,,,,,,
,,,,,,,,2005-07-14 12:00:00,19928280191,,,,,,,,,,,,,,,
,,,,,,,,2005-07-14 13:00:00,22223041703,,,,,,,,,,,,,,,
,,,,,,,,2005-07-14 14:00:00,26340163244,,,,,,,,,,,,,,,
,,,,,,,,2005-07-14 15:00:00,45055441194,,,,,,,,,,,,,,,
,,,,,,,,2005-07-14 16:00:00,70534897280,,,,,,,,,,,,,,,
,,,,,,,,2005-07-14 17:00:00,81995953100,,,,,,,,,,,,,,,
,,,,,,,,2005-07-14 18:00:00,92287290941,,,,,,,,,,,,,,,
,,,,,,,,2005-07-14 19:00:00,80499924288,,,,,,,,,,,,,,,
,,,,,,,,2005-07-14 20:00:00,73490286924,,,,,,,,,,,,,,,
,,,,,,,,2005-07-14 21:00:00,72002318617,,,,,,,,,,,,,,,
,,,,,,,,2005-07-14 22:00:00,69552993504,,,,,,,,,,,,,,,
,,,,,,,,2005-07-14 23:00:00,58515605313,,,,,,,,,,,,,,,
,,,,,,,,2005-07-15 00:00:00,56100712439,,,,,,,,,,,,,,,
,,,,,,,,2005-07-15 01:00:00,48723853683,,,,,,,,,,,,,,,
,,,,,,,,2005-07-15 02:00:00,42585028901,,,,,,,,,,,,,,,
,,,,,,,,2005-07-15 03:00:00,38213503657,,,,,,,,,,,,,,,
,,,,,,,,2005-07-15 04:00:00,35495692404,,,,,,,,,,,,,,,
,,,,,,,,2005-07-15 05:00:00,34512360016,,,,,,,,,,,,,,,
,,,,,,,,2005-07-15 06:00:00,31194620009,,,,,,,,,,,,,,,
,,,,,,,,2005-07-15 07:00:00,28214476694,,,,,,,,,,,,,,,
,,,,,,,,2005-07-15 08:00:00,24351140844,,,,,,,,,,,,,,,
,,,,,,,,2005-07-15 09:00:00,22114328128,,,,,,,,,,,,,,,
,,,,,,,,2005-07-15 10:00:00,21638011579,,,,,,,,,,,,,,,
,,,,,,,,2005-07-15 11:00:00,20118297099,,,,,,,,,,,,,,,
,,,,,,,,2005-07-15 12:00:00,18679282379,,,,,,,,,,,,,,,
,,,,,,,,2005-07-15 13:00:00,18804692123,,,,,,,,,,,,,,,
,,,,,,,,2005-07-15 14:00:00,19206356546,,,,,,,,,,,,,,,
,,,,,,,,2005-07-15 15:00:00,21913628909,,,,,,,,,,,,,,,
,,,,,,,,2005-07-15 16:00:00,27778093044,,,,,,,,,,,,,,,
,,,,,,,,2005-07-15 17:00:00,30977693116,,,,,,,,,,,,,,,
,,,,,,,,2005-07-15 18:00:00,35411242455,,,,,,,,,,,,,,,
,,,,,,,,2005-07-15 19:00:00,36968959933,,,,,,,,,,,,,,,
,,,,,,,,2005-07-15 20:00:00,35257501733,,,,,,,,,,,,,,,
,,,,,,,,2005-07-15 21:00:00,34472591908,,,,,,,,,,,,,,,
,,,,,,,,2005-07-15 22:00:00,34214887170,,,,,,,,,,,,,,,
,,,,,,,,2005-07-15 23:00:00,34369037595,,,,,,,,,,,,,,,
,,,,,,,,2005-07-16 00:00:00,33124089407,,,,,,,,,,,,,,,
,,,,,,,,2005-07-16 01:00:00,32825542526,,,,,,,,,,,,,,,
,,,,,,,,2005-07-16 02:00:00,33195737949,,,,,,,,,,,,,,,
,,,,,,,,2005-07-16 03:00:00,32485917957,,,,,,,,,,,,,,,
,,,,,,,,2005-07-16 04:00:00,32346249287,,,,,,,,,,,,,,,
,,,,,,,,2005-07-16 05:00:00,31228286001,,,,,,,,,,,,,,,
,,,,,,,,2005-07-16 06:00:00,29114144398,,,,,,,,,,,,,,,
,,,,,,,,2005-07-16 07:00:00,25169282743,,,,,,,,,,,,,,,
,,,,,,,,2005-07-16 08:00:00,23830374656,,,,,,,,,,,,,,,
,,,,,,,,2005-07-16 09:00:00,21371000921,,,,,,,,,,,,,,,
,,,,,,,,2005-07-16 10:00:00,20784110086,,,,,,,,,,,,,,,
,,,,,,,,2005-07-16 11:00:00,18987442558,,,,,,,,,,,,,,,
,,,,,,,,2005-07-16 12:00:00,18316354867,,,,,,,,,,,,,,,
,,,,,,,,2005-07-16 13:00:00,17292531917,,,,,,,,,,,,,,,
,,,,,,,,2005-07-16 14:00:00,17252224793,,,,,,,,,,,,,,,
,,,,,,,,2005-07-16 15:00:00,19331174461,,,,,,,,,,,,,,,
,,,,,,,,2005-07-16 16:00:00,23647002495,,,,,,,,,,,,,,,
,,,,,,,,2005-07-16 17:00:00,27763551796,,,,,,,,,,,,,,,
,,,,,,,,2005-07-16 18:00:00,31796429882,,,,,,,,,,,,,,,
,,,,,,,,2005-07-16 19:00:00,33643132411,,,,,,,,,,,,,,,
,,,,,,,,2005-07-16 20:00:00,32996388916,,,,,,,,,,,,,,,
,,,,,,,,2005-07-16 21:00:00,34130695298,,,,,,,,,,,,,,,
,,,,,,,,2005-07-16 22:00:00,33642484396,,,,,,,,,,,,,,,
,,,,,,,,2005-07-16 23:00:00,33160840812,,,,,,,,,,,,,,,
,,,,,,,,2005-07-17 00:00:00,33844286143,,,,,,,,,,,,,,,
,,,,,,,,2005-07-17 01:00:00,34882787515,,,,,,,,,,,,,,,
,,,,,,,,2005-07-17 02:00:00,36206470090,,,,,,,,,,,,,,,
,,,,,,,,2005-07-17 03:00:00,36269421369,,,,,,,,,,,,,,,
,,,,,,,,2005-07-17 04:00:00,36700586664,,,,,,,,,,,,,,,
,,,,,,,,2005-07-17 05:00:00,32626613915,,,,,,,,,,,,,,,
,,,,,,,,2005-07-17 06:00:00,27428492989,,,,,,,,,,,,,,,
,,,,,,,,2005-07-17 07:00:00,22562880915,,,,,,,,,,,,,,,
,,,,,,,,2005-07-17 08:00:00,20863630987,,,,,,,,,,,,,,,
,,,,,,,,2005-07-17 09:00:00,20206569634,,,,,,,,,,,,,,,
,,,,,,,,2005-07-17 10:00:00,19159001521,,,,,,,,,,,,,,,
,,,,,,,,2005-07-17 11:00:00,17408187996,,,,,,,,,,,,,,,
,,,,,,,,2005-07-17 12:00:00,20731990718,,,,,,,,,,,,,,,
,,,,,,,,2005-07-17 13:00:00,27387980384,,,,,,,,,,,,,,,
,,,,,,,,2005-07-17 14:00:00,50102775195,,,,,,,,,,,,,,,
,,,,,,,,2005-07-17 15:00:00,76585391928,,,,,,,,,,,,,,,
,,,,,,,,2005-07-17 16:00:00,89988697101,,,,,,,,,,,,,,,
,,,,,,,,2005-07-17 17:00:00,93194053770,,,,,,,,,,,,,,,
,,,,,,,,2005-07-17 18:00:00,97382191787,,,,,,,,,,,,,,,
,,,,,,,,2005-07-17 19:00:00,96117371087,,,,,,,,,,,,,,,
,,,,,,,,2005-07-17 20:00:00,94077327632,,,,,,,,,,,,,,,
,,,,,,,,2005-07-17 21:00:00,94066358752,,,,,,,,,,,,,,,
,,,,,,,,2005-07-17 22:00:00,91308016990,,,,,,,,,,,,,,,
,,,,,,,,2005-07-17 23:00:00,81990129700,,,,,,,,,,,,,,,
,,,,,,,,2005-07-18 00:00:00,64234716530,,,,,,,,,,,,,,,
,,,,,,,,2005-07-18 01:00:00,50767959441,,,,,,,,,,,,,,,
,,,,,,,,2005-07-18 02:00:00,45177454672,,,,,,,,,,,,,,,
,,,,,,,,2005-07-18 03:00:00,41524708075,,,,,,,,,,,,,,,
,,,,,,,,2005-07-18 04:00:00,37812073722,,,,,,,,,,,,,,,
,,,,,,,,2005-07-18 05:00:00,33895201299,,,,,,,,,,,,,,,
,,,,,,,,2005-07-18 06:00:00,29348020016,,,,,,,,,,,,,,,
,,,,,,,,2005-07-18 07:00:00,25622113073,,,,,,,,,,,,,,,
,,,,,,,,2005-07-18 08:00:00,22175786673,,,,,,,,,,,,,,,
,,,,,,,,2005-07-18 09:00:00,22349838495,,,,,,,,,,,,,,,
,,,,,,,,2005-07-18 10:00:00,19667339301,,,,,,,,,,,,,,,
,,,,,,,,2005-07-18 11:00:00,19857761059,,,,,,,,,,,,,,,
,,,,,,,,2005-07-18 12:00:00,22348110123,,,,,,,,,,,,,,,
,,,,,,,,2005-07-18 13:00:00,33309935263,,,,,,,,,,,,,,,
,,,,,,,,2005-07-18 14:00:00,58242854374,,,,,,,,,,,,,,,
,,,,,,,,2005-07-18 15:00:00,78915317963,,,,,,,,,,,,,,,
,,,,,,,,2005-07-18 16:00:00,89615207202,,,,,,,,,,,,,,,
,,,,,,,,2005-07-18 17:00:00,96161587336,,,,,,,,,,,,,,,
,,,,,,,,2005-07-18 18:00:00,94481761850,,,,,,,,,,,,,,,
,,,,,,,,2005-07-18 19:00:00,94865599606,,,,,,,,,,,,,,,
,,,,,,,,2005-07-18 20:00:00,96583677005,,,,,,,,,,,,,,,
,,,,,,,,2005-07-18 21:00:00,94686427375,,,,,,,,,,,,,,,
,,,,,,,,2005-07-18 22:00:00,86711211169,,,,,,,,,,,,,,,
,,,,,,,,2005-07-18 23:00:00,74569387128,,,,,,,,,,,,,,,
,,,,,,,,2005-07-19 00:00:00,55604439987,,,,,,,,,,,,,,,
,,,,,,,,2005-07-19 01:00:00,48298392806,,,,,,,,,,,,,,,
,,,,,,,,2005-07-19 02:00:00,47427086298,,,,,,,,,,,,,,,
,,,,,,,,2005-07-19 03:00:00,44503593367,,,,,,,,,,,,,,,
,,,,,,,,2005-07-19 04:00:00,38808412121,,,,,,,,,,,,,,,
,,,,,,,,2005-07-19 05:00:00,32341484208,,,,,,,,,,,,,,,
,,,,,,,,2005-07-19 06:00:00,26934482419,,,,,,,,,,,,,,,
,,,,,,,,2005-07-19 07:00:00,23596997935,,,,,,,,,,,,,,,
,,,,,,,,2005-07-19 08:00:00,20965178114,,,,,,,,,,,,,,,
,,,,,,,,2005-07-19 09:00:00,19100967836,,,,,,,,,,,,,,,
,,,,,,,,2005-07-19 10:00:00,17988514570,,,,,,,,,,,,,,,
,,,,,,,,2005-07-19 11:00:00,21503570237,,,,,,,,,,,,,,,
,,,,,,,,2005-07-19 12:00:00,26229146766,,,,,,,,,,,,,,,
,,,,,,,,2005-07-19 13:00:00,43835426773,,,,,,,,,,,,,,,
,,,,,,,,2005-07-19 14:00:00,68175998866,,,,,,,,,,,,,,,
,,,,,,,,2005-07-19 15:00:00,84450039515,,,,,,,,,,,,,,,
,,,,,,,,2005-07-19 16:00:00,92556367815,,,,,,,,,,,,,,,
,,,,,,,,2005-07-19 17:00:00,96911223062,,,,,,,,,,,,,,,
,,,,,,,,2005-07-19 18:00:00,92819380550,,,,,,,,,,,,,,,
,,,,,,,,2005-07-19 19:00:00,92939035290,,,,,,,,,,,,,,,
,,,,,,,,2005-07-19 20:00:00,92221160709,,,,,,,,,,,,,,,
,,,,,,,,2005-07-19 21:00:00,89441701389,,,,,,,,,,,,,,,
,,,,,,,,2005-07-19 22:00:00,78901311402,,,,,,,,,,,,,,,
,,,,,,,,2005-07-19 23:00:00,63437771613,,,,,,,,,,,,,,,
,,,,,,,,2005-07-20 00:00:00,51069589112,,,,,,,,,,,,,,,
,,,,,,,,2005-07-20 01:00:00,45726339223,,,,,,,,,,,,,,,
,,,,,,,,2005-07-20 02:00:00,44515367345,,,,,,,,,,,,,,,
,,,,,,,,2005-07-20 03:00:00,40762926849,,,,,,,,,,,,,,,
,,,,,,,,2005-07-20 04:00:00,34982134952,,,,,,,,,,,,,,,
,,,,,,,,2005-07-20 05:00:00,29127172218,,,,,,,,,,,,,,,
,,,,,,,,2005-07-20 06:00:00,23634627230,,,,,,,,,,,,,,,
,,,,,,,,2005-07-20 07:00:00,18480552168,,,,,,,,,,,,,,,
,,,,,,,,2005-07-20 08:00:00,17982453518,,,,,,,,,,,,,,,
,,,,,,,,2005-07-20 09:00:00,17351783110,,,,,,,,,,,,,,,
,,,,,,,,2005-07-20 10:00:00,16497151281,,,,,,,,,,,,,,,
,,,,,,,,2005-07-20 11:00:00,18730817768,,,,,,,,,,,,,,,
,,,,,,,,2005-07-20 12:00:00,25932611103,,,,,,,,,,,,,,,
,,,,,,,,2005-07-20 13:00:00,39150805077,,,,,,,,,,,,,,,
,,,,,,,,2005-07-20 14:00:00,51777890693,,,,,,,,,,,,,,,
,,,,,,,,2005-07-20 15:00:00,57367307397,,,,,,,,,,,,,,,
,,,,,,,,2005-07-20 16:00:00,62037590132,,,,,,,,,,,,,,,
,,,,,,,,2005-07-20 17:00:00,61472448101,,,,,,,,,,,,,,,
,,,,,,,,2005-07-20 18:00:00,62121645184,,,,,,,,,,,,,,,
,,,,,,,,2005-07-20 19:00:00,62872633858,,,,,,,,,,,,,,,
,,,,,,,,2005-07-20 20:00:00,60188527856,,,,,,,,,,,,,,,
,,,,,,,,2005-07-20 21:00:00,58278688959,,,,,,,,,,,,,,,
,,,,,,,,2005-07-20 22:00:00,57343086568,,,,,,,,,,,,,,,
,,,,,,,,2005-07-20 23:00:00,54503955198,,,,,,,,,,,,,,,
,,,,,,,,2005-07-21 00:00:00,44788105636,,,,,,,,,,,,,,,
,,,,,,,,2005-07-21 01:00:00,42968440538,,,,,,,,,,,,,,,
,,,,,,,,2005-07-21 02:00:00,40078299728,,,,,,,,,,,,,,,
,,,,,,,,2005-07-21 03:00:00,36290223306,,,,,,,,,,,,,,,
,,,,,,,,2005-07-21 04:00:00,34109130134,,,,,,,,,,,,,,,
,,,,,,,,2005-07-21 05:00:00,25695881218,,,,,,,,,,,,,,,
,,,,,,,,2005-07-21 06:00:00,23379724663,,,,,,,,,,,,,,,
,,,,,,,,2005-07-21 07:00:00,21104603783,,,,,,,,,,,,,,,
,,,,,,,,2005-07-21 08:00:00,20576416229,,,,,,,,,,,,,,,
,,,,,,,,2005-07-21 09:00:00,19962475757,,,,,,,,,,,,,,,
,,,,,,,,2005-07-21 10:00:00,19470725630,,,,,,,,,,,,,,,
,,,,,,,,2005-07-21 11:00:00,22476745270,,,,,,,,,,,,,,,
,,,,,,,,2005-07-21 12:00:00,35850723922,,,,,,,,,,,,,,,
,,,,,,,,2005-07-21 13:00:00,58020922980,,,,,,,,,,,,,,,
,,,,,,,,2005-07-21 14:00:00,73141909567,,,,,,,,,,,,,,,
,,,,,,,,2005-07-21 15:00:00,80643120828,,,,,,,,,,,,,,,
,,,,,,,,2005-07-21 16:00:00,86148636887,,,,,,,,,,,,,,,
,,,,,,,,2005-07-21 17:00:00,82988357519,,,,,,,,,,,,,,,
,,,,,,,,2005-07-21 18:00:00,82284139236,,,,,,,,,,,,,,,
,,,,,,,,2005-07-21 19:00:00,81316717503,,,,,,,,,,,,,,,
,,,,,,,,2005-07-21 20:00:00,73734934224,,,,,,,,,,,,,,,
,,,,,,,,2005-07-21 21:00:00,63820256285,,,,,,,,,,,,,,,
,,,,,,,,2005-07-21 22:00:00,52299967164,,,,,,,,,,,,,,,
,,,,,,,,2005-07-21 23:00:00,42339956158,,,,,,,,,,,,,,,
,,,,,,,,2005-07-22 00:00:00,38237747487,,,,,,,,,,,,,,,
,,,,,,,,2005-07-22 01:00:00,35559813102,,,,,,,,,,,,,,,
,,,,,,,,2005-07-22 02:00:00,33597899791,,,,,,,,,,,,,,,
,,,,,,,,2005-07-22 03:00:00,30905266996,,,,,,,,,,,,,,,
,,,,,,,,2005-07-22 04:00:00,27713368039,,,,,,,,,,,,,,,
,,,,,,,,2005-07-22 05:00:00,26200369285,,,,,,,,,,,,,,,
,,,,,,,,2005-07-22 06:00:00,21958407297,,,,,,,,,,,,,,,
,,,,,,,,2005-07-22 07:00:00,20175180479,,,,,,,,,,,,,,,
,,,,,,,,2005-07-22 08:00:00,19165447162,,,,,,,,,,,,,,,
,,,,,,,,2005-07-22 09:00:00,16644366232,,,,,,,,,,,,,,,
,,,,,,,,2005-07-22 10:00:00,16278337987,,,,,,,,,,,,,,,
,,,,,,,,2005-07-22 11:00:00,16742354809,,,,,,,,,,,,,,,
,,,,,,,,2005-07-22 12:00:00,18716663478,,,,,,,,,,,,,,,
,,,,,,,,2005-07-22 13:00:00,22497594924,,,,,,,,,,,,,,,
,,,,,,,,2005-07-22 14:00:00,25526348130,,,,,,,,,,,,,,,
,,,,,,,,2005-07-22 15:00:00,29704462644,,,,,,,,,,,,,,,
,,,,,,,,2005-07-22 16:00:00,31322822735,,,,,,,,,,,,,,,
,,,,,,,,2005-07-22 17:00:00,32698863456,,,,,,,,,,,,,,,
,,,,,,,,2005-07-22 18:00:00,31763644902,,,,,,,,,,,,,,,
,,,,,,,,2005-07-22 19:00:00,31045472739,,,,,,,,,,,,,,,
,,,,,,,,2005-07-22 20:00:00,30581786232,,,,,,,,,,,,,,,
,,,,,,,,2005-07-22 21:00:00,29983816476,,,,,,,,,,,,,,,
,,,,,,,,2005-07-22 22:00:00,31896057571,,,,,,,,,,,,,,,
,,,,,,,,2005-07-22 23:00:00,30882187833,,,,,,,,,,,,,,,
,,,,,,,,2005-07-23 00:00:00,31251819039,,,,,,,,,,,,,,,
,,,,,,,,2005-07-23 01:00:00,32258355131,,,,,,,,,,,,,,,
,,,,,,,,2005-07-23 02:00:00,29359973855,,,,,,,,,,,,,,,
,,,,,,,,2005-07-23 03:00:00,26185236789,,,,,,,,,,,,,,,
,,,,,,,,2005-07-23 04:00:00,23469348786,,,,,,,,,,,,,,,
,,,,,,,,2005-07-23 05:00:00,22309693844,,,,,,,,,,,,,,,
,,,,,,,,2005-07-23 06:00:00,20075397354,,,,,,,,,,,,,,,
,,,,,,,,2005-07-23 07:00:00,19221691098,,,,,,,,,,,,,,,
,,,,,,,,2005-07-23 08:00:00,17832653323,,,,,,,,,,,,,,,
,,,,,,,,2005-07-23 09:00:00,16883076119,,,,,,,,,,,,,,,
,,,,,,,,2005-07-23 10:00:00,16167688153,,,,,,,,,,,,,,,
,,,,,,,,2005-07-23 11:00:00,16578844817,,,,,,,,,,,,,,,
,,,,,,,,2005-07-23 12:00:00,18484792349,,,,,,,,,,,,,,,
,,,,,,,,2005-07-23 13:00:00,22663018596,,,,,,,,,,,,,,,
,,,,,,,,2005-07-23 14:00:00,26276500498,,,,,,,,,,,,,,,
,,,,,,,,2005-07-23 15:00:00,29918449078,,,,,,,,,,,,,,,
,,,,,,,,2005-07-23 16:00:00,31326197580,,,,,,,,,,,,,,,
,,,,,,,,2005-07-23 17:00:00,32436577747,,,,,,,,,,,,,,,
,,,,,,,,2005-07-23 18:00:00,32994264257,,,,,,,,,,,,,,,
,,,,,,,,2005-07-23 19:00:00,34141042456,,,,,,,,,,,,,,,
,,,,,,,,2005-07-23 20:00:00,34842292936,,,,,,,,,,,,,,,
,,,,,,,,2005-07-23 21:00:00,34268417853,,,,,,,,,,,,,,,
,,,,,,,,2005-07-23 22:00:00,37810905726,,,,,,,,,,,,,,,
,,,,,,,,2005-07-23 23:00:00,37837588841,,,,,,,,,,,,,,,
,,,,,,,,2005-07-24 00:00:00,36644275698,,,,,,,,,,,,,,,
,,,,,,,,2005-07-24 01:00:00,34820684299,,,,,,,,,,,,,,,
,,,,,,,,2005-07-24 02:00:00,30809538536,,,,,,,,,,,,,,,
,,,,,,,,2005-07-24 03:00:00,27033229722,,,,,,,,,,,,,,,
,,,,,,,,2005-07-24 04:00:00,23205147479,,,,,,,,,,,,,,,
,,,,,,,,2005-07-24 05:00:00,19664695104,,,,,,,,,,,,,,,
,,,,,,,,2005-07-24 06:00:00,19058262633,,,,,,,,,,,,,,,
,,,,,,,,2005-07-24 07:00:00,18348345343,,,,,,,,,,,,,,,
,,,,,,,,2005-07-24 08:00:00,17126658258,,,,,,,,,,,,,,,
,,,,,,,,2005-07-24 09:00:00,18792841995,,,,,,,,,,,,,,,
,,,,,,,,2005-07-24 10:00:00,22304807063,,,,,,,,,,,,,,,
,,,,,,,,2005-07-24 11:00:00,38424801971,,,,,,,,,,,,,,,
,,,,,,,,2005-07-24 12:00:00,61854579030,,,,,,,,,,,,,,,
,,,,,,,,2005-07-24 13:00:00,77562271197,,,,,,,,,,,,,,,
,,,,,,,,2005-07-24 14:00:00,85783375658,,,,,,,,,,,,,,,
,,,,,,,,2005-07-24 15:00:00,85632719404,,,,,,,,,,,,,,,
,,,,,,,,2005-07-24 16:00:00,88732246236,,,,,,,,,,,,,,,
,,,,,,,,2005-07-24 17:00:00,89275543506,,,,,,,,,,,,,,,
,,,,,,,,2005-07-24 18:00:00,88220756885,,,,,,,,,,,,,,,
,,,,,,,,2005-07-24 19:00:00,83875258110,,,,,,,,,,,,,,,
,,,,,,,,2005-07-24 20:00:00,73567715392,,,,,,,,,,,,,,,
,,,,,,,,2005-07-24 21:00:00,57914144265,,,,,,,,,,,,,,,
,,,,,,,,2005-07-24 22:00:00,47824744948,,,,,,,,,,,,,,,
,,,,,,,,2005-07-24 23:00:00,43034695326,,,,,,,,,,,,,,,
,,,,,,,,2005-07-25 00:00:00,40741178587,,,,,,,,,,,,,,,
,,,,,,,,2005-07-25 01:00:00,38017775954,,,,,,,,,,,,,,,
,,,,,,,,2005-07-25 02:00:00,36729736233,,,,,,,,,,,,,,,
,,,,,,,,2005-07-25 03:00:00,27752909668,,,,,,,,,,,,,,,
,,,,,,,,2005-07-25 04:00:00,24481823920,,,,,,,,,,,,,,,
,,,,,,,,2005-07-25 05:00:00,20558402612,,,,,,,,,,,,,,,
,,,,,,,,2005-07-25 06:00:00,20979267099,,,,,,,,,,,,,,,
,,,,,,,,2005-07-25 07:00:00,19569674304,,,,,,,,,,,,,,,
,,,,,,,,2005-07-25 08:00:00,18334940266,,,,,,,,,,,,,,,
,,,,,,,,2005-07-25 09:00:00,20251644171,,,,,,,,,,,,,,,
,,,,,,,,2005-07-25 10:00:00,30493030256,,,,,,,,,,,,,,,
,,,,,,,,2005-07-25 11:00:00,50027887375,,,,,,,,,,,,,,,
,,,,,,,,2005-07-25 12:00:00,69545662354,,,,,,,,,,,,,,,
,,,,,,,,2005-07-25 13:00:00,79581041534,,,,,,,,,,,,,,,
,,,,,,,,2005-07-25 14:00:00,84760794806,,,,,,,,,,,,,,,
,,,,,,,,2005-07-25 15:00:00,85132217481,,,,,,,,,,,,,,,
,,,,,,,,2005-07-25 16:00:00,84637123308,,,,,,,,,,,,,,,
,,,,,,,,2005-07-25 17:00:00,86180577242,,,,,,,,,,,,,,,
,,,,,,,,2005-07-25 18:00:00,86625195423,,,,,,,,,,,,,,,
,,,,,,,,2005-07-25 19:00:00,79993334656,,,,,,,,,,,,,,,
,,,,,,,,2005-07-25 20:00:00,67410530584,,,,,,,,,,,,,,,
,,,,,,,,2005-07-25 21:00:00,54022708941,,,,,,,,,,,,,,,
,,,,,,,,2005-07-25 22:00:00,46295140933,,,,,,,,,,,,,,,
,,,,,,,,2005-07-25 23:00:00,44276871634,,,,,,,,,,,,,,,
,,,,,,,,2005-07-26 00:00:00,43830147434,,,,,,,,,,,,,,,
,,,,,,,,2005-07-26 01:00:00,38076968971,,,,,,,,,,,,,,,
,,,,,,,,2005-07-26 02:00:00,34264097050,,,,,,,,,,,,,,,
,,,,,,,,2005-07-26 03:00:00,27527284100,,,,,,,,,,,,,,,
,,,,,,,,2005-07-26 04:00:00,23723753826,,,,,,,,,,,,,,,
,,,,,,,,2005-07-26 05:00:00,21139969709,,,,,,,,,,,,,,,
,,,,,,,,2005-07-26 06:00:00,20481178071,,,,,,,,,,,,,,,
,,,,,,,,2005-07-26 07:00:00,18891728164,,,,,,,,,,,,,,,
,,,,,,,,2005-07-26 08:00:00,22126855232,,,,,,,,,,,,,,,
,,,,,,,,2005-07-26 09:00:00,23834352150,,,,,,,,,,,,,,,
,,,,,,,,2005-07-26 10:00:00,38270572455,,,,,,,,,,,,,,,
,,,,,,,,2005-07-26 11:00:00,57989706046,,,,,,,,,,,,,,,
,,,,,,,,2005-07-26 12:00:00,73827420458,,,,,,,,,,,,,,,
,,,,,,,,2005-07-26 13:00:00,81738978270,,,,,,,,,,,,,,,
,,,,,,,,2005-07-26 14:00:00,83019998179,,,,,,,,,,,,,,,
,,,,,,,,2005-07-26 15:00:00,79744882229,,,,,,,,,,,,,,,
,,,,,,,,2005-07-26 16:00:00,81718180657,,,,,,,,,,,,,,,
,,,,,,,,2005-07-26 17:00:00,82160603679,,,,,,,,,,,,,,,
,,,,,,,,2005-07-26 18:00:00,79782104072,,,,,,,,,,,,,,,
,,,,,,,,2005-07-26 19:00:00,71501856320,,,,,,,,,,,,,,,
,,,,,,,,2005-07-26 20:00:00,56078030507,,,,,,,,,,,,,,,
,,,,,,,,2005-07-26 21:00:00,43557871339,,,,,,,,,,,,,,,
,,,,,,,,2005-07-26 22:00:00,40830687047,,,,,,,,,,,,,,,
,,,,,,,,2005-07-26 23:00:00,39510393783,,,,,,,,,,,,,,,
,,,,,,,,2005-07-27 00:00:00,37649064222,,,,,,,,,,,,,,,
,,,,,,,,2005-07-27 01:00:00,33989833930,,,,,,,,,,,,,,,
,,,,,,,,2005-07-27 02:00:00,29427683147,,,,,,,,,,,,,,,
,,,,,,,,2005-07-27 03:00:00,25700932251,,,,,,,,,,,,,,,
,,,,,,,,2005-07-27 04:00:00,20035596765,,,,,,,,,,,,,,,
,,,,,,,,2005-07-27 05:00:00,19188736058,,,,,,,,,,,,,,,
,,,,,,,,2005-07-27 06:00:00,18747469374,,,,,,,,,,,,,,,
,,,,,,,,2005-07-27 07:00:00,18414293202,,,,,,,,,,,,,,,
,,,,,,,,2005-07-27 08:00:00,21449745576,,,,,,,,,,,,,,,
,,,,,,,,2005-07-27 09:00:00,28494310088,,,,,,,,,,,,,,,
,,,,,,,,2005-07-27 10:00:00,45979741068,,,,,,,,,,,,,,,
,,,,,,,,2005-07-27 11:00:00,65300392265,,,,,,,,,,,,,,,
,,,,,,,,2005-07-27 12:00:00,75395673554,,,,,,,,,,,,,,,
,,,,,,,,2005-07-27 13:00:00,76030987234,,,,,,,,,,,,,,,
,,,,,,,,2005-07-27 14:00:00,78778072390,,,,,,,,,,,,,,,
,,,,,,,,2005-07-27 15:00:00,80283723372,,,,,,,,,,,,,,,
,,,,,,,,2005-07-27 16:00:00,81380717109,,,,,,,,,,,,,,,
,,,,,,,,2005-07-27 17:00:00,78324863891,,,,,,,,,,,,,,,
,,,,,,,,2005-07-27 18:00:00,74337632920,,,,,,,,,,,,,,,
,,,,,,,,2005-07-27 19:00:00,64392893786,,,,,,,,,,,,,,,
,,,,,,,,2005-07-27 20:00:00,50929384433,,,,,,,,,,,,,,,
,,,,,,,,2005-07-27 21:00:00,43561191417,,,,,,,,,,,,,,,
,,,,,,,,2005-07-27 22:00:00,38845437333,,,,,,,,,,,,,,,
,,,,,,,,2005-07-27 23:00:00,37257974284,,,,,,,,,,,,,,,
,,,,,,,,2005-07-28 00:00:00,35351585979,,,,,,,,,,,,,,,
,,,,,,,,2005-07-28 01:00:00,30903688960,,,,,,,,,,,,,,,
,,,,,,,,2005-07-28 02:00:00,26751410412,,,,,,,,,,,,,,,
,,,,,,,,2005-07-28 03:00:00,22172601194,,,,,,,,,,,,,,,
,,,,,,,,2005-07-28 04:00:00,20373983107,,,,,,,,,,,,,,,
,,,,,,,,2005-07-28 05:00:00,20400130074,,,,,,,,,,,,,,,
,,,,,,,,2005-07-28 06:00:00,18891927826,,,,,,,,,,,,,,,
,,,,,,,,2005-07-28 07:00:00,21366429175,,,,,,,,,,,,,,,
,,,,,,,,2005-07-28 08:00:00,21380858488,,,,,,,,,,,,,,,
,,,,,,,,2005-07-28 09:00:00,31093052729,,,,,,,,,,,,,,,
,,,,,,,,2005-07-28 10:00:00,51528036132,,,,,,,,,,,,,,,
,,,,,,,,2005-07-28 11:00:00,69610584123,,,,,,,,,,,,,,,
,,,,,,,,2005-07-28 12:00:00,76364975533,,,,,,,,,,,,,,,
,,,,,,,,2005-07-28 13:00:00,81281257078,,,,,,,,,,,,,,,
